img_no,particle_id
0,13
1,13
2,13
3,2212
4,211
5,13
6,2212
7,211
8,13
9,13
10,211
11,211
12,11
13,2212
14,11
15,13
16,13
17,11
18,211
19,211
20,11
21,13
22,13
23,22
24,11
25,211
26,211
27,211
28,2212
29,11
30,211
31,2212
32,13
33,11
34,11
35,13
36,11
37,11
38,2212
39,211
40,13
41,11
42,13
43,22
44,22
45,22
46,13
47,211
48,13
49,13
50,211
51,11
52,211
53,22
54,211
55,22
56,13
57,13
58,22
59,22
60,22
61,22
62,11
63,22
64,2212
65,22
66,211
67,13
68,211
69,22
70,13
71,211
72,11
73,22
74,22
75,2212
76,13
77,22
78,211
79,11
80,13
81,11
82,11
83,13
84,211
85,11
86,11
87,22
88,13
89,211
90,2212
91,2212
92,2212
93,211
94,211
95,211
96,11
97,11
98,2212
99,13
100,2212
101,11
102,11
103,13
104,11
105,2212
106,2212
107,211
108,2212
109,13
110,211
111,22
112,13
113,2212
114,11
115,22
116,22
117,211
118,13
119,13
120,11
121,2212
122,22
123,2212
124,13
125,22
126,13
127,2212
128,13
129,2212
130,22
131,2212
132,211
133,22
134,13
135,211
136,22
137,22
138,211
139,211
140,11
141,211
142,211
143,11
144,211
145,13
146,2212
147,22
148,11
149,11
150,22
151,11
152,13
153,11
154,13
155,13
156,211
157,13
158,22
159,13
160,13
161,22
162,13
163,211
164,211
165,11
166,211
167,2212
168,211
169,2212
170,2212
171,2212
172,11
173,211
174,2212
175,13
176,13
177,2212
178,22
179,11
180,22
181,22
182,13
183,22
184,22
185,11
186,13
187,13
188,22
189,11
190,22
191,13
192,13
193,11
194,11
195,2212
196,22
197,11
198,11
199,211
200,13
201,22
202,11
203,2212
204,2212
205,2212
206,13
207,13
208,2212
209,22
210,211
211,2212
212,2212
213,11
214,13
215,22
216,22
217,22
218,2212
219,22
220,11
221,211
222,211
223,211
224,22
225,2212
226,2212
227,211
228,22
229,22
230,11
231,211
232,11
233,2212
234,11
235,13
236,11
237,11
238,211
239,211
240,11
241,13
242,11
243,11
244,22
245,211
246,13
247,13
248,11
249,2212
250,13
251,211
252,13
253,11
254,211
255,11
256,13
257,22
258,211
259,211
260,13
261,13
262,13
263,13
264,2212
265,11
266,13
267,11
268,2212
269,211
270,2212
271,22
272,211
273,211
274,11
275,211
276,2212
277,22
278,2212
279,2212
280,22
281,11
282,13
283,22
284,211
285,13
286,11
287,11
288,2212
289,22
290,211
291,211
292,2212
293,13
294,211
295,2212
296,2212
297,13
298,211
299,2212
300,22
301,211
302,22
303,211
304,13
305,13
306,2212
307,2212
308,2212
309,11
310,211
311,13
312,2212
313,13
314,2212
315,2212
316,11
317,11
318,11
319,11
320,22
321,211
322,211
323,11
324,22
325,22
326,211
327,211
328,11
329,13
330,211
331,2212
332,2212
333,13
334,22
335,13
336,211
337,211
338,2212
339,2212
340,13
341,22
342,211
343,22
344,11
345,211
346,11
347,211
348,2212
349,13
350,13
351,11
352,11
353,211
354,13
355,2212
356,13
357,11
358,11
359,11
360,13
361,2212
362,2212
363,2212
364,211
365,2212
366,13
367,11
368,22
369,22
370,13
371,211
372,22
373,11
374,11
375,22
376,211
377,22
378,22
379,211
380,211
381,11
382,22
383,11
384,11
385,13
386,211
387,2212
388,11
389,2212
390,11
391,2212
392,11
393,22
394,11
395,22
396,13
397,22
398,11
399,2212
400,22
401,211
402,11
403,22
404,211
405,22
406,13
407,22
408,22
409,211
410,11
411,13
412,22
413,2212
414,2212
415,211
416,13
417,22
418,11
419,13
420,211
421,22
422,211
423,11
424,11
425,2212
426,11
427,211
428,2212
429,211
430,11
431,13
432,22
433,22
434,2212
435,22
436,22
437,2212
438,2212
439,211
440,2212
441,211
442,2212
443,11
444,13
445,2212
446,13
447,22
448,211
449,22
450,211
451,13
452,11
453,211
454,2212
455,11
456,22
457,2212
458,2212
459,22
460,13
461,211
462,211
463,11
464,13
465,22
466,22
467,2212
468,211
469,2212
470,11
471,2212
472,22
473,211
474,11
475,11
476,13
477,11
478,22
479,2212
480,2212
481,13
482,13
483,2212
484,13
485,211
486,11
487,11
488,22
489,211
490,211
491,211
492,22
493,22
494,211
495,22
496,22
497,11
498,11
499,11
500,2212
501,11
502,13
503,13
504,211
505,22
506,11
507,211
508,11
509,11
510,22
511,211
512,13
513,2212
514,13
515,22
516,22
517,11
518,2212
519,2212
520,11
521,13
522,11
523,2212
524,22
525,211
526,211
527,211
528,13
529,13
530,13
531,2212
532,11
533,22
534,211
535,11
536,2212
537,22
538,11
539,11
540,211
541,13
542,2212
543,11
544,22
545,211
546,13
547,2212
548,13
549,211
550,211
551,11
552,13
553,13
554,13
555,22
556,11
557,211
558,22
559,22
560,22
561,2212
562,2212
563,22
564,22
565,2212
566,22
567,2212
568,2212
569,22
570,22
571,11
572,22
573,11
574,22
575,22
576,13
577,22
578,11
579,2212
580,2212
581,211
582,13
583,11
584,13
585,22
586,11
587,13
588,11
589,11
590,13
591,2212
592,2212
593,211
594,11
595,13
596,211
597,13
598,2212
599,22
600,13
601,211
602,11
603,211
604,2212
605,211
606,211
607,2212
608,211
609,11
610,13
611,2212
612,22
613,13
614,22
615,13
616,2212
617,211
618,2212
619,13
620,22
621,13
622,22
623,211
624,2212
625,211
626,211
627,11
628,11
629,2212
630,13
631,211
632,211
633,2212
634,211
635,13
636,211
637,11
638,211
639,2212
640,11
641,13
642,211
643,13
644,211
645,211
646,211
647,22
648,11
649,13
650,11
651,11
652,2212
653,13
654,211
655,211
656,211
657,11
658,2212
659,22
660,13
661,13
662,2212
663,11
664,22
665,13
666,13
667,11
668,13
669,13
670,13
671,2212
672,13
673,13
674,22
675,2212
676,2212
677,11
678,13
679,2212
680,211
681,22
682,13
683,2212
684,211
685,211
686,2212
687,13
688,211
689,13
690,13
691,13
692,2212
693,13
694,11
695,13
696,22
697,13
698,211
699,2212
700,2212
701,11
702,211
703,11
704,211
705,11
706,22
707,11
708,11
709,2212
710,11
711,2212
712,11
713,13
714,211
715,2212
716,11
717,11
718,22
719,13
720,13
721,13
722,13
723,13
724,22
725,11
726,11
727,22
728,13
729,22
730,211
731,11
732,13
733,22
734,11
735,11
736,11
737,211
738,2212
739,2212
740,11
741,211
742,13
743,2212
744,211
745,2212
746,22
747,11
748,211
749,211
750,211
751,211
752,211
753,22
754,11
755,2212
756,22
757,13
758,2212
759,22
760,11
761,2212
762,211
763,2212
764,11
765,22
766,211
767,211
768,22
769,11
770,2212
771,2212
772,2212
773,2212
774,11
775,211
776,211
777,13
778,11
779,13
780,211
781,2212
782,22
783,22
784,2212
785,22
786,13
787,211
788,13
789,22
790,13
791,2212
792,22
793,22
794,13
795,22
796,2212
797,211
798,22
799,2212
800,11
801,22
802,22
803,211
804,22
805,13
806,13
807,13
808,22
809,211
810,2212
811,13
812,211
813,11
814,13
815,11
816,2212
817,13
818,13
819,2212
820,211
821,11
822,211
823,2212
824,211
825,11
826,13
827,211
828,11
829,2212
830,2212
831,13
832,2212
833,11
834,11
835,13
836,2212
837,211
838,11
839,11
840,211
841,13
842,13
843,13
844,22
845,13
846,13
847,211
848,11
849,2212
850,22
851,13
852,11
853,2212
854,11
855,11
856,13
857,22
858,211
859,11
860,13
861,211
862,13
863,2212
864,22
865,2212
866,22
867,2212
868,2212
869,211
870,13
871,211
872,22
873,13
874,11
875,22
876,211
877,2212
878,22
879,13
880,2212
881,13
882,2212
883,211
884,22
885,22
886,11
887,2212
888,22
889,2212
890,211
891,2212
892,22
893,22
894,11
895,13
896,2212
897,13
898,2212
899,2212
900,2212
901,13
902,13
903,22
904,22
905,13
906,22
907,211
908,11
909,211
910,13
911,22
912,2212
913,22
914,22
915,22
916,2212
917,22
918,13
919,13
920,22
921,2212
922,13
923,13
924,11
925,13
926,22
927,13
928,13
929,11
930,211
931,22
932,13
933,2212
934,22
935,13
936,211
937,2212
938,11
939,13
940,2212
941,11
942,211
943,22
944,11
945,13
946,2212
947,22
948,22
949,2212
950,2212
951,211
952,11
953,2212
954,11
955,22
956,22
957,11
958,211
959,22
960,211
961,13
962,13
963,2212
964,11
965,2212
966,22
967,211
968,211
969,13
970,22
971,2212
972,211
973,211
974,2212
975,13
976,22
977,211
978,13
979,22
980,11
981,22
982,2212
983,13
984,211
985,22
986,11
987,22
988,2212
989,22
990,2212
991,22
992,11
993,22
994,211
995,2212
996,211
997,11
998,11
999,13
1000,2212
1001,11
1002,11
1003,211
1004,13
1005,2212
1006,2212
1007,211
1008,11
1009,22
1010,11
1011,211
1012,211
1013,11
1014,22
1015,2212
1016,211
1017,11
1018,211
1019,13
1020,11
1021,22
1022,2212
1023,11
1024,13
1025,11
1026,11
1027,13
1028,22
1029,11
1030,22
1031,2212
1032,22
1033,211
1034,2212
1035,13
1036,11
1037,11
1038,22
1039,211
1040,11
1041,13
1042,22
1043,2212
1044,2212
1045,22
1046,211
1047,2212
1048,13
1049,11
1050,13
1051,13
1052,2212
1053,211
1054,22
1055,13
1056,22
1057,211
1058,22
1059,22
1060,13
1061,22
1062,2212
1063,13
1064,2212
1065,2212
1066,2212
1067,11
1068,211
1069,13
1070,22
1071,211
1072,13
1073,22
1074,22
1075,2212
1076,22
1077,13
1078,2212
1079,22
1080,11
1081,211
1082,211
1083,13
1084,2212
1085,211
1086,211
1087,211
1088,2212
1089,13
1090,22
1091,211
1092,11
1093,11
1094,11
1095,13
1096,2212
1097,13
1098,211
1099,2212
1100,2212
1101,2212
1102,211
1103,2212
1104,22
1105,11
1106,2212
1107,13
1108,2212
1109,13
1110,211
1111,211
1112,22
1113,211
1114,211
1115,211
1116,211
1117,11
1118,11
1119,11
1120,22
1121,211
1122,22
1123,211
1124,11
1125,211
1126,13
1127,22
1128,22
1129,211
1130,2212
1131,2212
1132,211
1133,13
1134,22
1135,2212
1136,13
1137,2212
1138,22
1139,2212
1140,211
1141,22
1142,2212
1143,11
1144,13
1145,13
1146,11
1147,2212
1148,22
1149,211
1150,22
1151,211
1152,2212
1153,211
1154,211
1155,211
1156,13
1157,13
1158,11
1159,13
1160,2212
1161,211
1162,11
1163,13
1164,2212
1165,13
1166,11
1167,22
1168,13
1169,13
1170,2212
1171,211
1172,2212
1173,22
1174,211
1175,211
1176,211
1177,211
1178,211
1179,13
1180,2212
1181,11
1182,11
1183,22
1184,13
1185,22
1186,13
1187,13
1188,211
1189,211
1190,22
1191,211
1192,13
1193,211
1194,211
1195,22
1196,11
1197,2212
1198,2212
1199,211
1200,22
1201,2212
1202,13
1203,211
1204,22
1205,11
1206,22
1207,211
1208,13
1209,211
1210,22
1211,11
1212,22
1213,11
1214,11
1215,211
1216,2212
1217,11
1218,22
1219,2212
1220,11
1221,22
1222,11
1223,11
1224,11
1225,13
1226,13
1227,13
1228,13
1229,13
1230,22
1231,11
1232,11
1233,2212
1234,22
1235,22
1236,211
1237,2212
1238,22
1239,11
1240,2212
1241,22
1242,2212
1243,22
1244,211
1245,11
1246,11
1247,13
1248,2212
1249,11
1250,211
1251,2212
1252,22
1253,211
1254,13
1255,22
1256,13
1257,211
1258,13
1259,211
1260,11
1261,11
1262,211
1263,22
1264,2212
1265,13
1266,11
1267,22
1268,211
1269,11
1270,2212
1271,13
1272,2212
1273,22
1274,22
1275,2212
1276,211
1277,11
1278,211
1279,2212
1280,2212
1281,11
1282,11
1283,2212
1284,11
1285,22
1286,22
1287,211
1288,11
1289,2212
1290,22
1291,13
1292,211
1293,211
1294,211
1295,211
1296,211
1297,211
1298,211
1299,2212
1300,11
1301,13
1302,211
1303,22
1304,211
1305,211
1306,2212
1307,13
1308,211
1309,2212
1310,22
1311,13
1312,211
1313,211
1314,22
1315,2212
1316,11
1317,211
1318,22
1319,13
1320,211
1321,2212
1322,2212
1323,211
1324,2212
1325,22
1326,211
1327,11
1328,13
1329,2212
1330,211
1331,11
1332,22
1333,211
1334,22
1335,22
1336,22
1337,13
1338,13
1339,211
1340,11
1341,2212
1342,13
1343,22
1344,11
1345,22
1346,13
1347,11
1348,22
1349,2212
1350,211
1351,22
1352,11
1353,13
1354,11
1355,22
1356,211
1357,2212
1358,2212
1359,22
1360,22
1361,2212
1362,211
1363,2212
1364,22
1365,2212
1366,11
1367,13
1368,13
1369,22
1370,2212
1371,11
1372,22
1373,211
1374,2212
1375,13
1376,22
1377,11
1378,11
1379,11
1380,13
1381,22
1382,13
1383,13
1384,11
1385,11
1386,22
1387,2212
1388,22
1389,13
1390,2212
1391,22
1392,22
1393,13
1394,22
1395,2212
1396,2212
1397,11
1398,11
1399,211
1400,2212
1401,11
1402,11
1403,211
1404,2212
1405,2212
1406,211
1407,22
1408,13
1409,13
1410,211
1411,211
1412,211
1413,13
1414,211
1415,2212
1416,11
1417,211
1418,13
1419,22
1420,11
1421,22
1422,211
1423,13
1424,13
1425,13
1426,2212
1427,13
1428,13
1429,22
1430,11
1431,11
1432,211
1433,2212
1434,22
1435,2212
1436,13
1437,13
1438,2212
1439,22
1440,2212
1441,13
1442,211
1443,2212
1444,211
1445,11
1446,22
1447,22
1448,2212
1449,11
1450,11
1451,11
1452,22
1453,11
1454,13
1455,11
1456,2212
1457,13
1458,2212
1459,22
1460,2212
1461,11
1462,13
1463,2212
1464,211
1465,211
1466,13
1467,211
1468,22
1469,22
1470,13
1471,211
1472,211
1473,11
1474,2212
1475,2212
1476,211
1477,11
1478,2212
1479,211
1480,211
1481,11
1482,211
1483,11
1484,2212
1485,22
1486,13
1487,211
1488,11
1489,211
1490,13
1491,11
1492,2212
1493,22
1494,2212
1495,2212
1496,2212
1497,2212
1498,13
1499,2212
1500,211
1501,22
1502,11
1503,13
1504,2212
1505,211
1506,11
1507,13
1508,13
1509,2212
1510,13
1511,11
1512,11
1513,2212
1514,2212
1515,211
1516,2212
1517,211
1518,11
1519,2212
1520,11
1521,211
1522,2212
1523,211
1524,13
1525,11
1526,22
1527,11
1528,11
1529,211
1530,211
1531,13
1532,13
1533,2212
1534,22
1535,2212
1536,22
1537,22
1538,13
1539,13
1540,211
1541,11
1542,13
1543,11
1544,11
1545,2212
1546,211
1547,22
1548,22
1549,211
1550,22
1551,13
1552,22
1553,11
1554,13
1555,22
1556,211
1557,13
1558,2212
1559,22
1560,22
1561,11
1562,11
1563,13
1564,13
1565,211
1566,11
1567,11
1568,211
1569,11
1570,2212
1571,2212
1572,11
1573,13
1574,13
1575,22
1576,2212
1577,2212
1578,22
1579,11
1580,13
1581,11
1582,13
1583,211
1584,13
1585,2212
1586,13
1587,22
1588,211
1589,13
1590,11
1591,2212
1592,2212
1593,13
1594,22
1595,211
1596,2212
1597,2212
1598,2212
1599,13
1600,2212
1601,22
1602,11
1603,13
1604,211
1605,11
1606,211
1607,13
1608,13
1609,2212
1610,11
1611,211
1612,22
1613,211
1614,22
1615,11
1616,22
1617,2212
1618,11
1619,11
1620,11
1621,13
1622,2212
1623,13
1624,2212
1625,13
1626,11
1627,211
1628,13
1629,11
1630,211
1631,11
1632,211
1633,13
1634,2212
1635,211
1636,2212
1637,13
1638,22
1639,13
1640,2212
1641,13
1642,11
1643,211
1644,211
1645,11
1646,11
1647,11
1648,2212
1649,211
1650,2212
1651,22
1652,22
1653,211
1654,2212
1655,13
1656,22
1657,2212
1658,11
1659,11
1660,211
1661,22
1662,211
1663,11
1664,22
1665,11
1666,2212
1667,211
1668,2212
1669,2212
1670,211
1671,22
1672,211
1673,22
1674,211
1675,13
1676,2212
1677,2212
1678,13
1679,211
1680,211
1681,211
1682,22
1683,22
1684,211
1685,211
1686,211
1687,211
1688,211
1689,2212
1690,211
1691,211
1692,11
1693,13
1694,11
1695,11
1696,2212
1697,11
1698,2212
1699,22
1700,2212
1701,211
1702,211
1703,11
1704,211
1705,13
1706,13
1707,13
1708,211
1709,211
1710,2212
1711,211
1712,13
1713,211
1714,211
1715,2212
1716,11
1717,22
1718,11
1719,2212
1720,211
1721,11
1722,2212
1723,11
1724,22
1725,211
1726,211
1727,13
1728,211
1729,13
1730,11
1731,211
1732,22
1733,11
1734,11
1735,2212
1736,2212
1737,13
1738,22
1739,13
1740,13
1741,11
1742,22
1743,211
1744,2212
1745,11
1746,11
1747,11
1748,13
1749,211
1750,22
1751,211
1752,2212
1753,13
1754,2212
1755,11
1756,211
1757,2212
1758,13
1759,13
1760,211
1761,2212
1762,22
1763,11
1764,211
1765,22
1766,11
1767,22
1768,13
1769,11
1770,211
1771,2212
1772,22
1773,13
1774,22
1775,22
1776,11
1777,11
1778,13
1779,2212
1780,13
1781,11
1782,22
1783,11
1784,22
1785,13
1786,11
1787,22
1788,22
1789,2212
1790,22
1791,211
1792,2212
1793,22
1794,22
1795,211
1796,2212
1797,211
1798,2212
1799,22
1800,2212
1801,2212
1802,2212
1803,13
1804,22
1805,11
1806,11
1807,2212
1808,13
1809,11
1810,211
1811,211
1812,22
1813,13
1814,22
1815,22
1816,22
1817,22
1818,13
1819,211
1820,211
1821,211
1822,22
1823,13
1824,11
1825,11
1826,13
1827,13
1828,2212
1829,13
1830,2212
1831,13
1832,211
1833,211
1834,13
1835,22
1836,22
1837,211
1838,2212
1839,13
1840,13
1841,2212
1842,211
1843,211
1844,13
1845,211
1846,22
1847,13
1848,11
1849,2212
1850,13
1851,2212
1852,13
1853,2212
1854,11
1855,2212
1856,13
1857,211
1858,2212
1859,2212
1860,22
1861,22
1862,22
1863,211
1864,22
1865,11
1866,13
1867,11
1868,2212
1869,22
1870,11
1871,2212
1872,211
1873,11
1874,11
1875,2212
1876,211
1877,2212
1878,13
1879,2212
1880,211
1881,211
1882,11
1883,22
1884,22
1885,211
1886,11
1887,11
1888,13
1889,11
1890,13
1891,211
1892,13
1893,11
1894,2212
1895,211
1896,211
1897,2212
1898,211
1899,11
1900,11
1901,13
1902,13
1903,211
1904,211
1905,11
1906,22
1907,11
1908,2212
1909,13
1910,211
1911,11
1912,11
1913,11
1914,211
1915,2212
1916,11
1917,211
1918,211
1919,13
1920,22
1921,211
1922,11
1923,22
1924,2212
1925,13
1926,11
1927,22
1928,22
1929,11
1930,211
1931,2212
1932,13
1933,211
1934,11
1935,13
1936,2212
1937,11
1938,2212
1939,13
1940,11
1941,13
1942,11
1943,13
1944,11
1945,2212
1946,11
1947,22
1948,22
1949,211
1950,2212
1951,2212
1952,22
1953,11
1954,211
1955,2212
1956,11
1957,11
1958,22
1959,22
1960,22
1961,13
1962,13
1963,11
1964,211
1965,22
1966,211
1967,11
1968,11
1969,13
1970,11
1971,13
1972,2212
1973,22
1974,2212
1975,211
1976,2212
1977,2212
1978,11
1979,2212
1980,13
1981,13
1982,11
1983,13
1984,11
1985,2212
1986,22
1987,22
1988,2212
1989,22
1990,2212
1991,211
1992,11
1993,13
1994,13
1995,2212
1996,2212
1997,13
1998,211
1999,211
2000,22
2001,11
2002,13
2003,2212
2004,2212
2005,22
2006,13
2007,211
2008,211
2009,11
2010,2212
2011,211
2012,13
2013,211
2014,211
2015,2212
2016,13
2017,11
2018,211
2019,2212
2020,11
2021,11
2022,11
2023,22
2024,11
2025,11
2026,2212
2027,22
2028,22
2029,2212
2030,22
2031,2212
2032,11
2033,11
2034,11
2035,22
2036,2212
2037,2212
2038,211
2039,211
2040,22
2041,211
2042,11
2043,211
2044,2212
2045,13
2046,11
2047,11
2048,11
2049,211
2050,13
2051,11
2052,211
2053,13
2054,11
2055,2212
2056,2212
2057,22
2058,22
2059,211
2060,211
2061,13
2062,13
2063,2212
2064,22
2065,211
2066,2212
2067,22
2068,13
2069,211
2070,11
2071,211
2072,211
2073,2212
2074,211
2075,13
2076,13
2077,22
2078,22
2079,13
2080,2212
2081,211
2082,2212
2083,11
2084,22
2085,22
2086,211
2087,2212
2088,22
2089,22
2090,22
2091,211
2092,11
2093,211
2094,13
2095,11
2096,22
2097,13
2098,13
2099,11
2100,2212
2101,13
2102,211
2103,13
2104,2212
2105,2212
2106,2212
2107,13
2108,22
2109,211
2110,211
2111,22
2112,13
2113,211
2114,22
2115,211
2116,2212
2117,2212
2118,22
2119,11
2120,211
2121,11
2122,2212
2123,11
2124,211
2125,11
2126,211
2127,11
2128,13
2129,2212
2130,211
2131,2212
2132,22
2133,2212
2134,211
2135,22
2136,11
2137,13
2138,11
2139,22
2140,22
2141,22
2142,22
2143,22
2144,211
2145,211
2146,211
2147,11
2148,13
2149,2212
2150,211
2151,11
2152,211
2153,13
2154,11
2155,211
2156,13
2157,22
2158,11
2159,11
2160,2212
2161,11
2162,211
2163,13
2164,13
2165,13
2166,11
2167,13
2168,2212
2169,13
2170,211
2171,211
2172,2212
2173,2212
2174,22
2175,211
2176,13
2177,211
2178,11
2179,13
2180,2212
2181,13
2182,2212
2183,211
2184,2212
2185,22
2186,22
2187,22
2188,11
2189,2212
2190,211
2191,11
2192,2212
2193,2212
2194,13
2195,22
2196,11
2197,211
2198,22
2199,13
2200,22
2201,2212
2202,13
2203,13
2204,13
2205,11
2206,13
2207,211
2208,13
2209,22
2210,22
2211,11
2212,11
2213,2212
2214,2212
2215,22
2216,11
2217,13
2218,11
2219,22
2220,211
2221,11
2222,211
2223,211
2224,11
2225,22
2226,2212
2227,13
2228,11
2229,22
2230,13
2231,13
2232,2212
2233,211
2234,22
2235,211
2236,13
2237,11
2238,211
2239,13
2240,2212
2241,11
2242,13
2243,13
2244,211
2245,13
2246,13
2247,211
2248,22
2249,13
2250,13
2251,13
2252,211
2253,2212
2254,22
2255,13
2256,211
2257,2212
2258,22
2259,211
2260,13
2261,13
2262,13
2263,211
2264,211
2265,211
2266,13
2267,13
2268,2212
2269,22
2270,22
2271,22
2272,2212
2273,22
2274,2212
2275,13
2276,211
2277,22
2278,211
2279,13
2280,211
2281,22
2282,211
2283,13
2284,211
2285,22
2286,13
2287,2212
2288,13
2289,2212
2290,11
2291,13
2292,11
2293,13
2294,22
2295,13
2296,2212
2297,22
2298,2212
2299,13
2300,2212
2301,211
2302,22
2303,22
2304,211
2305,13
2306,211
2307,2212
2308,2212
2309,13
2310,11
2311,211
2312,22
2313,11
2314,11
2315,13
2316,11
2317,11
2318,22
2319,13
2320,11
2321,22
2322,13
2323,13
2324,211
2325,22
2326,211
2327,13
2328,11
2329,11
2330,22
2331,2212
2332,211
2333,211
2334,22
2335,211
2336,22
2337,22
2338,22
2339,22
2340,22
2341,211
2342,13
2343,211
2344,13
2345,11
2346,13
2347,11
2348,22
2349,11
2350,13
2351,13
2352,11
2353,11
2354,2212
2355,11
2356,22
2357,11
2358,2212
2359,2212
2360,22
2361,211
2362,13
2363,211
2364,11
2365,11
2366,22
2367,13
2368,11
2369,22
2370,13
2371,2212
2372,2212
2373,11
2374,22
2375,13
2376,11
2377,2212
2378,2212
2379,2212
2380,211
2381,22
2382,2212
2383,11
2384,22
2385,13
2386,2212
2387,11
2388,2212
2389,13
2390,211
2391,2212
2392,13
2393,13
2394,13
2395,211
2396,2212
2397,22
2398,22
2399,2212
2400,11
2401,13
2402,13
2403,11
2404,11
2405,13
2406,211
2407,22
2408,11
2409,11
2410,22
2411,2212
2412,13
2413,11
2414,211
2415,2212
2416,2212
2417,13
2418,2212
2419,211
2420,13
2421,2212
2422,11
2423,211
2424,2212
2425,211
2426,13
2427,2212
2428,2212
2429,11
2430,2212
2431,22
2432,13
2433,13
2434,11
2435,211
2436,22
2437,211
2438,2212
2439,13
2440,22
2441,11
2442,13
2443,211
2444,211
2445,13
2446,11
2447,22
2448,11
2449,211
2450,11
2451,13
2452,211
2453,13
2454,13
2455,13
2456,211
2457,13
2458,2212
2459,211
2460,22
2461,22
2462,211
2463,2212
2464,13
2465,22
2466,13
2467,211
2468,22
2469,13
2470,13
2471,2212
2472,211
2473,211
2474,2212
2475,211
2476,11
2477,11
2478,11
2479,22
2480,11
2481,2212
2482,11
2483,211
2484,11
2485,13
2486,11
2487,11
2488,211
2489,11
2490,22
2491,13
2492,13
2493,22
2494,211
2495,22
2496,22
2497,22
2498,211
2499,2212
2500,13
2501,2212
2502,2212
2503,22
2504,211
2505,2212
2506,13
2507,22
2508,22
2509,211
2510,2212
2511,2212
2512,2212
2513,13
2514,211
2515,2212
2516,211
2517,11
2518,13
2519,2212
2520,11
2521,13
2522,211
2523,2212
2524,2212
2525,22
2526,211
2527,13
2528,22
2529,11
2530,2212
2531,2212
2532,211
2533,22
2534,22
2535,13
2536,211
2537,2212
2538,22
2539,11
2540,13
2541,2212
2542,2212
2543,13
2544,211
2545,2212
2546,211
2547,2212
2548,13
2549,11
2550,211
2551,22
2552,211
2553,22
2554,211
2555,11
2556,13
2557,11
2558,13
2559,211
2560,11
2561,13
2562,22
2563,211
2564,2212
2565,11
2566,22
2567,211
2568,2212
2569,11
2570,211
2571,22
2572,11
2573,11
2574,13
2575,211
2576,2212
2577,13
2578,22
2579,2212
2580,13
2581,11
2582,2212
2583,2212
2584,2212
2585,11
2586,2212
2587,211
2588,211
2589,13
2590,22
2591,211
2592,11
2593,2212
2594,11
2595,211
2596,22
2597,11
2598,2212
2599,13
2600,211
2601,2212
2602,22
2603,22
2604,211
2605,11
2606,11
2607,11
2608,13
2609,13
2610,211
2611,22
2612,13
2613,11
2614,2212
2615,11
2616,11
2617,22
2618,11
2619,2212
2620,22
2621,13
2622,2212
2623,2212
2624,11
2625,211
2626,2212
2627,11
2628,11
2629,11
2630,22
2631,2212
2632,211
2633,22
2634,211
2635,13
2636,22
2637,22
2638,2212
2639,211
2640,22
2641,11
2642,11
2643,11
2644,13
2645,13
2646,211
2647,22
2648,22
2649,11
2650,13
2651,211
2652,13
2653,2212
2654,11
2655,2212
2656,2212
2657,11
2658,211
2659,13
2660,11
2661,11
2662,2212
2663,11
2664,13
2665,11
2666,2212
2667,13
2668,22
2669,22
2670,11
2671,13
2672,211
2673,13
2674,11
2675,211
2676,22
2677,211
2678,2212
2679,11
2680,13
2681,11
2682,13
2683,11
2684,22
2685,22
2686,11
2687,211
2688,11
2689,211
2690,22
2691,13
2692,2212
2693,2212
2694,22
2695,2212
2696,11
2697,13
2698,2212
2699,2212
2700,11
2701,13
2702,11
2703,211
2704,22
2705,211
2706,22
2707,211
2708,22
2709,211
2710,13
2711,211
2712,22
2713,211
2714,211
2715,211
2716,13
2717,211
2718,11
2719,211
2720,211
2721,11
2722,22
2723,22
2724,22
2725,11
2726,2212
2727,2212
2728,11
2729,11
2730,2212
2731,11
2732,2212
2733,22
2734,11
2735,11
2736,11
2737,211
2738,13
2739,22
2740,13
2741,13
2742,11
2743,211
2744,22
2745,22
2746,2212
2747,2212
2748,211
2749,13
2750,22
2751,13
2752,211
2753,11
2754,22
2755,2212
2756,211
2757,22
2758,22
2759,13
2760,11
2761,13
2762,13
2763,13
2764,13
2765,211
2766,22
2767,22
2768,211
2769,13
2770,22
2771,2212
2772,11
2773,211
2774,211
2775,22
2776,11
2777,11
2778,2212
2779,13
2780,11
2781,2212
2782,22
2783,211
2784,2212
2785,211
2786,11
2787,211
2788,22
2789,11
2790,211
2791,22
2792,211
2793,11
2794,22
2795,11
2796,22
2797,211
2798,11
2799,11
2800,211
2801,22
2802,2212
2803,2212
2804,2212
2805,2212
2806,211
2807,13
2808,11
2809,22
2810,22
2811,13
2812,211
2813,2212
2814,13
2815,13
2816,22
2817,11
2818,11
2819,13
2820,2212
2821,13
2822,211
2823,13
2824,11
2825,2212
2826,22
2827,11
2828,2212
2829,22
2830,22
2831,211
2832,2212
2833,13
2834,13
2835,22
2836,13
2837,22
2838,211
2839,11
2840,211
2841,22
2842,11
2843,13
2844,211
2845,11
2846,211
2847,13
2848,11
2849,2212
2850,11
2851,13
2852,211
2853,211
2854,11
2855,11
2856,2212
2857,211
2858,11
2859,11
2860,13
2861,13
2862,211
2863,22
2864,2212
2865,22
2866,11
2867,22
2868,13
2869,11
2870,11
2871,11
2872,2212
2873,2212
2874,11
2875,11
2876,13
2877,13
2878,2212
2879,11
2880,22
2881,2212
2882,2212
2883,2212
2884,211
2885,11
2886,22
2887,11
2888,2212
2889,22
2890,2212
2891,2212
2892,2212
2893,11
2894,22
2895,11
2896,2212
2897,13
2898,211
2899,11
2900,22
2901,211
2902,13
2903,211
2904,22
2905,11
2906,11
2907,11
2908,13
2909,2212
2910,11
2911,11
2912,22
2913,211
2914,13
2915,13
2916,211
2917,11
2918,211
2919,11
2920,211
2921,211
2922,211
2923,211
2924,211
2925,22
2926,2212
2927,22
2928,2212
2929,22
2930,13
2931,22
2932,13
2933,22
2934,13
2935,22
2936,13
2937,22
2938,211
2939,2212
2940,13
2941,2212
2942,211
2943,2212
2944,2212
2945,22
2946,11
2947,13
2948,11
2949,13
2950,13
2951,13
2952,211
2953,211
2954,22
2955,2212
2956,22
2957,211
2958,11
2959,11
2960,11
2961,11
2962,211
2963,22
2964,2212
2965,22
2966,2212
2967,2212
2968,11
2969,2212
2970,11
2971,2212
2972,13
2973,11
2974,13
2975,22
2976,11
2977,211
2978,11
2979,13
2980,2212
2981,22
2982,22
2983,11
2984,22
2985,11
2986,11
2987,11
2988,211
2989,211
2990,11
2991,2212
2992,11
2993,22
2994,2212
2995,13
2996,11
2997,2212
2998,211
2999,211
3000,2212
3001,2212
3002,2212
3003,211
3004,211
3005,22
3006,2212
3007,2212
3008,22
3009,22
3010,13
3011,2212
3012,11
3013,22
3014,11
3015,13
3016,11
3017,211
3018,2212
3019,13
3020,211
3021,22
3022,11
3023,211
3024,13
3025,11
3026,13
3027,11
3028,22
3029,22
3030,211
3031,2212
3032,11
3033,211
3034,211
3035,2212
3036,22
3037,2212
3038,13
3039,2212
3040,13
3041,22
3042,13
3043,22
3044,2212
3045,22
3046,11
3047,211
3048,13
3049,11
3050,22
3051,11
3052,211
3053,13
3054,2212
3055,22
3056,211
3057,11
3058,2212
3059,22
3060,2212
3061,211
3062,211
3063,2212
3064,11
3065,2212
3066,2212
3067,11
3068,13
3069,211
3070,22
3071,11
3072,22
3073,13
3074,2212
3075,11
3076,22
3077,2212
3078,11
3079,211
3080,22
3081,211
3082,211
3083,11
3084,2212
3085,11
3086,211
3087,11
3088,11
3089,2212
3090,11
3091,211
3092,11
3093,211
3094,211
3095,13
3096,13
3097,11
3098,13
3099,22
3100,11
3101,11
3102,11
3103,22
3104,11
3105,211
3106,13
3107,211
3108,11
3109,211
3110,211
3111,22
3112,22
3113,11
3114,211
3115,2212
3116,2212
3117,2212
3118,11
3119,22
3120,13
3121,11
3122,2212
3123,13
3124,22
3125,11
3126,2212
3127,211
3128,2212
3129,2212
3130,211
3131,2212
3132,11
3133,211
3134,22
3135,211
3136,11
3137,211
3138,22
3139,2212
3140,2212
3141,11
3142,22
3143,11
3144,11
3145,13
3146,13
3147,13
3148,13
3149,13
3150,22
3151,22
3152,211
3153,211
3154,11
3155,11
3156,22
3157,11
3158,211
3159,11
3160,11
3161,211
3162,2212
3163,2212
3164,22
3165,211
3166,13
3167,13
3168,211
3169,11
3170,2212
3171,2212
3172,2212
3173,11
3174,211
3175,22
3176,11
3177,22
3178,13
3179,11
3180,2212
3181,2212
3182,13
3183,13
3184,22
3185,11
3186,22
3187,22
3188,2212
3189,13
3190,22
3191,2212
3192,22
3193,13
3194,2212
3195,22
3196,13
3197,22
3198,211
3199,13
3200,2212
3201,22
3202,22
3203,11
3204,211
3205,11
3206,22
3207,13
3208,13
3209,11
3210,2212
3211,13
3212,11
3213,2212
3214,2212
3215,2212
3216,22
3217,22
3218,11
3219,11
3220,22
3221,11
3222,11
3223,22
3224,13
3225,2212
3226,13
3227,211
3228,2212
3229,13
3230,211
3231,2212
3232,11
3233,2212
3234,22
3235,13
3236,11
3237,211
3238,11
3239,11
3240,13
3241,22
3242,211
3243,2212
3244,211
3245,2212
3246,13
3247,211
3248,2212
3249,2212
3250,22
3251,211
3252,11
3253,211
3254,11
3255,211
3256,2212
3257,211
3258,22
3259,13
3260,22
3261,11
3262,11
3263,211
3264,2212
3265,13
3266,211
3267,13
3268,11
3269,11
3270,211
3271,13
3272,211
3273,22
3274,211
3275,22
3276,11
3277,211
3278,13
3279,2212
3280,22
3281,211
3282,22
3283,13
3284,11
3285,13
3286,211
3287,211
3288,13
3289,211
3290,211
3291,11
3292,13
3293,13
3294,11
3295,211
3296,2212
3297,11
3298,211
3299,11
3300,22
3301,2212
3302,13
3303,13
3304,11
3305,22
3306,211
3307,2212
3308,11
3309,211
3310,2212
3311,13
3312,22
3313,13
3314,11
3315,22
3316,11
3317,22
3318,211
3319,22
3320,13
3321,22
3322,2212
3323,13
3324,211
3325,211
3326,2212
3327,13
3328,13
3329,22
3330,2212
3331,22
3332,211
3333,13
3334,2212
3335,13
3336,22
3337,22
3338,11
3339,2212
3340,13
3341,11
3342,11
3343,11
3344,211
3345,13
3346,2212
3347,11
3348,13
3349,211
3350,2212
3351,211
3352,211
3353,13
3354,22
3355,22
3356,11
3357,22
3358,22
3359,2212
3360,2212
3361,13
3362,11
3363,22
3364,211
3365,211
3366,11
3367,22
3368,211
3369,2212
3370,2212
3371,11
3372,2212
3373,211
3374,2212
3375,211
3376,11
3377,13
3378,13
3379,2212
3380,211
3381,211
3382,22
3383,211
3384,11
3385,2212
3386,211
3387,2212
3388,211
3389,2212
3390,11
3391,2212
3392,13
3393,11
3394,2212
3395,11
3396,11
3397,13
3398,211
3399,2212
3400,22
3401,2212
3402,2212
3403,11
3404,211
3405,11
3406,211
3407,13
3408,22
3409,22
3410,22
3411,22
3412,13
3413,22
3414,211
3415,11
3416,2212
3417,2212
3418,22
3419,211
3420,11
3421,11
3422,2212
3423,2212
3424,11
3425,211
3426,13
3427,11
3428,13
3429,11
3430,11
3431,211
3432,211
3433,13
3434,22
3435,211
3436,2212
3437,11
3438,22
3439,211
3440,11
3441,13
3442,211
3443,13
3444,22
3445,11
3446,11
3447,2212
3448,211
3449,2212
3450,13
3451,211
3452,11
3453,22
3454,211
3455,13
3456,11
3457,211
3458,22
3459,13
3460,211
3461,211
3462,22
3463,13
3464,22
3465,13
3466,2212
3467,2212
3468,11
3469,11
3470,22
3471,211
3472,2212
3473,13
3474,13
3475,211
3476,11
3477,11
3478,22
3479,22
3480,211
3481,22
3482,22
3483,11
3484,13
3485,13
3486,2212
3487,13
3488,13
3489,11
3490,2212
3491,13
3492,13
3493,2212
3494,11
3495,2212
3496,13
3497,2212
3498,11
3499,211
3500,22
3501,22
3502,13
3503,2212
3504,2212
3505,13
3506,11
3507,13
3508,22
3509,2212
3510,211
3511,211
3512,2212
3513,11
3514,13
3515,2212
3516,22
3517,211
3518,211
3519,211
3520,22
3521,22
3522,211
3523,13
3524,2212
3525,13
3526,11
3527,11
3528,13
3529,11
3530,2212
3531,13
3532,11
3533,13
3534,2212
3535,13
3536,13
3537,22
3538,11
3539,13
3540,2212
3541,211
3542,211
3543,11
3544,2212
3545,13
3546,22
3547,22
3548,13
3549,22
3550,211
3551,2212
3552,2212
3553,211
3554,13
3555,13
3556,13
3557,22
3558,13
3559,22
3560,2212
3561,2212
3562,11
3563,13
3564,22
3565,2212
3566,13
3567,2212
3568,22
3569,13
3570,11
3571,13
3572,211
3573,11
3574,13
3575,22
3576,13
3577,2212
3578,13
3579,13
3580,11
3581,2212
3582,11
3583,11
3584,13
3585,11
3586,13
3587,11
3588,11
3589,11
3590,11
3591,13
3592,13
3593,22
3594,22
3595,22
3596,2212
3597,22
3598,13
3599,22
3600,22
3601,211
3602,2212
3603,2212
3604,2212
3605,22
3606,11
3607,22
3608,2212
3609,11
3610,2212
3611,13
3612,13
3613,13
3614,2212
3615,13
3616,211
3617,2212
3618,13
3619,211
3620,2212
3621,2212
3622,211
3623,11
3624,211
3625,11
3626,22
3627,22
3628,211
3629,211
3630,211
3631,22
3632,22
3633,22
3634,13
3635,2212
3636,2212
3637,2212
3638,13
3639,22
3640,22
3641,13
3642,13
3643,211
3644,13
3645,22
3646,11
3647,13
3648,22
3649,13
3650,11
3651,2212
3652,211
3653,211
3654,22
3655,13
3656,13
3657,13
3658,2212
3659,2212
3660,211
3661,2212
3662,22
3663,2212
3664,22
3665,2212
3666,13
3667,211
3668,211
3669,2212
3670,211
3671,22
3672,11
3673,2212
3674,22
3675,211
3676,211
3677,211
3678,2212
3679,13
3680,2212
3681,11
3682,11
3683,13
3684,11
3685,11
3686,2212
3687,13
3688,11
3689,13
3690,22
3691,2212
3692,22
3693,22
3694,13
3695,22
3696,13
3697,211
3698,211
3699,22
3700,2212
3701,2212
3702,22
3703,2212
3704,22
3705,22
3706,2212
3707,2212
3708,211
3709,2212
3710,22
3711,2212
3712,13
3713,2212
3714,11
3715,22
3716,211
3717,2212
3718,211
3719,22
3720,22
3721,11
3722,11
3723,211
3724,22
3725,13
3726,11
3727,13
3728,2212
3729,11
3730,13
3731,11
3732,11
3733,211
3734,22
3735,22
3736,2212
3737,22
3738,211
3739,22
3740,22
3741,2212
3742,11
3743,2212
3744,13
3745,11
3746,2212
3747,13
3748,22
3749,13
3750,211
3751,211
3752,2212
3753,211
3754,13
3755,22
3756,11
3757,11
3758,13
3759,211
3760,2212
3761,211
3762,211
3763,211
3764,211
3765,13
3766,22
3767,211
3768,11
3769,211
3770,11
3771,11
3772,22
3773,211
3774,2212
3775,11
3776,11
3777,22
3778,2212
3779,22
3780,211
3781,13
3782,13
3783,13
3784,11
3785,22
3786,13
3787,11
3788,211
3789,11
3790,211
3791,22
3792,11
3793,211
3794,11
3795,13
3796,2212
3797,211
3798,11
3799,2212
3800,13
3801,211
3802,13
3803,2212
3804,211
3805,13
3806,22
3807,11
3808,2212
3809,11
3810,211
3811,11
3812,11
3813,13
3814,211
3815,211
3816,22
3817,11
3818,11
3819,13
3820,211
3821,211
3822,2212
3823,22
3824,211
3825,22
3826,2212
3827,11
3828,2212
3829,11
3830,22
3831,13
3832,211
3833,13
3834,2212
3835,13
3836,211
3837,211
3838,211
3839,22
3840,211
3841,11
3842,13
3843,211
3844,13
3845,22
3846,22
3847,11
3848,22
3849,211
3850,2212
3851,2212
3852,211
3853,11
3854,11
3855,11
3856,13
3857,11
3858,11
3859,211
3860,11
3861,2212
3862,11
3863,2212
3864,22
3865,211
3866,211
3867,11
3868,211
3869,211
3870,13
3871,211
3872,211
3873,211
3874,22
3875,2212
3876,22
3877,2212
3878,211
3879,211
3880,22
3881,13
3882,2212
3883,211
3884,22
3885,2212
3886,2212
3887,13
3888,11
3889,13
3890,22
3891,211
3892,13
3893,13
3894,211
3895,13
3896,13
3897,211
3898,13
3899,2212
3900,2212
3901,22
3902,211
3903,13
3904,11
3905,2212
3906,211
3907,22
3908,2212
3909,2212
3910,22
3911,13
3912,11
3913,2212
3914,211
3915,22
3916,13
3917,211
3918,211
3919,2212
3920,13
3921,11
3922,211
3923,13
3924,211
3925,2212
3926,11
3927,11
3928,11
3929,11
3930,13
3931,11
3932,2212
3933,13
3934,11
3935,2212
3936,13
3937,22
3938,2212
3939,22
3940,22
3941,13
3942,13
3943,211
3944,11
3945,11
3946,22
3947,211
3948,211
3949,22
3950,22
3951,11
3952,22
3953,22
3954,11
3955,11
3956,13
3957,22
3958,22
3959,22
3960,22
3961,2212
3962,11
3963,211
3964,11
3965,2212
3966,13
3967,13
3968,11
3969,211
3970,211
3971,13
3972,2212
3973,11
3974,13
3975,22
3976,2212
3977,22
3978,11
3979,2212
3980,13
3981,13
3982,211
3983,211
3984,11
3985,211
3986,2212
3987,211
3988,211
3989,211
3990,13
3991,2212
3992,22
3993,13
3994,11
3995,2212
3996,22
3997,11
3998,211
3999,11
4000,22
4001,211
4002,11
4003,13
4004,2212
4005,2212
4006,211
4007,11
4008,13
4009,13
4010,2212
4011,211
4012,2212
4013,22
4014,13
4015,11
4016,13
4017,211
4018,22
4019,13
4020,211
4021,2212
4022,11
4023,2212
4024,13
4025,13
4026,2212
4027,13
4028,211
4029,22
4030,2212
4031,2212
4032,22
4033,13
4034,11
4035,2212
4036,211
4037,2212
4038,11
4039,13
4040,11
4041,22
4042,211
4043,211
4044,2212
4045,211
4046,2212
4047,13
4048,11
4049,22
4050,13
4051,11
4052,2212
4053,2212
4054,13
4055,2212
4056,11
4057,13
4058,22
4059,2212
4060,211
4061,2212
4062,11
4063,13
4064,211
4065,2212
4066,13
4067,211
4068,2212
4069,211
4070,13
4071,13
4072,2212
4073,2212
4074,22
4075,22
4076,211
4077,11
4078,13
4079,22
4080,22
4081,2212
4082,22
4083,13
4084,22
4085,211
4086,11
4087,211
4088,2212
4089,11
4090,22
4091,22
4092,211
4093,2212
4094,2212
4095,2212
4096,2212
4097,2212
4098,13
4099,13
4100,13
4101,13
4102,2212
4103,11
4104,13
4105,22
4106,2212
4107,2212
4108,22
4109,11
4110,13
4111,13
4112,211
4113,211
4114,211
4115,13
4116,2212
4117,11
4118,11
4119,22
4120,22
4121,2212
4122,13
4123,2212
4124,2212
4125,11
4126,211
4127,22
4128,211
4129,11
4130,11
4131,13
4132,11
4133,22
4134,2212
4135,2212
4136,13
4137,22
4138,211
4139,22
4140,13
4141,2212
4142,211
4143,2212
4144,13
4145,22
4146,11
4147,2212
4148,13
4149,11
4150,2212
4151,2212
4152,211
4153,211
4154,13
4155,211
4156,22
4157,2212
4158,11
4159,13
4160,211
4161,2212
4162,211
4163,22
4164,2212
4165,211
4166,11
4167,211
4168,2212
4169,22
4170,211
4171,211
4172,211
4173,11
4174,11
4175,13
4176,11
4177,2212
4178,2212
4179,22
4180,2212
4181,211
4182,22
4183,2212
4184,11
4185,11
4186,211
4187,2212
4188,22
4189,13
4190,211
4191,2212
4192,2212
4193,22
4194,13
4195,11
4196,11
4197,211
4198,22
4199,13
4200,211
4201,211
4202,22
4203,13
4204,11
4205,211
4206,22
4207,2212
4208,211
4209,22
4210,2212
4211,22
4212,2212
4213,22
4214,22
4215,11
4216,13
4217,2212
4218,11
4219,13
4220,11
4221,13
4222,13
4223,11
4224,2212
4225,13
4226,211
4227,22
4228,11
4229,22
4230,211
4231,211
4232,13
4233,211
4234,11
4235,22
4236,211
4237,11
4238,2212
4239,22
4240,13
4241,13
4242,211
4243,11
4244,22
4245,2212
4246,211
4247,13
4248,22
4249,13
4250,2212
4251,13
4252,13
4253,13
4254,11
4255,13
4256,2212
4257,13
4258,13
4259,22
4260,11
4261,22
4262,13
4263,11
4264,2212
4265,2212
4266,2212
4267,13
4268,11
4269,11
4270,11
4271,11
4272,11
4273,13
4274,22
4275,13
4276,211
4277,2212
4278,11
4279,211
4280,211
4281,211
4282,13
4283,211
4284,11
4285,13
4286,13
4287,211
4288,13
4289,13
4290,11
4291,22
4292,13
4293,22
4294,22
4295,13
4296,2212
4297,11
4298,2212
4299,2212
4300,2212
4301,13
4302,11
4303,22
4304,13
4305,2212
4306,13
4307,2212
4308,13
4309,13
4310,13
4311,13
4312,22
4313,13
4314,22
4315,22
4316,22
4317,211
4318,211
4319,211
4320,22
4321,22
4322,13
4323,2212
4324,13
4325,11
4326,13
4327,11
4328,11
4329,2212
4330,211
4331,22
4332,2212
4333,22
4334,211
4335,13
4336,2212
4337,211
4338,13
4339,13
4340,211
4341,22
4342,211
4343,2212
4344,2212
4345,2212
4346,211
4347,2212
4348,2212
4349,211
4350,2212
4351,2212
4352,13
4353,22
4354,211
4355,13
4356,211
4357,211
4358,13
4359,211
4360,2212
4361,13
4362,22
4363,13
4364,22
4365,13
4366,211
4367,22
4368,211
4369,2212
4370,11
4371,2212
4372,11
4373,11
4374,2212
4375,211
4376,2212
4377,11
4378,13
4379,211
4380,13
4381,11
4382,13
4383,22
4384,11
4385,22
4386,2212
4387,211
4388,211
4389,13
4390,2212
4391,2212
4392,13
4393,211
4394,13
4395,2212
4396,2212
4397,2212
4398,13
4399,22
4400,22
4401,211
4402,22
4403,22
4404,2212
4405,22
4406,2212
4407,13
4408,11
4409,211
4410,13
4411,11
4412,11
4413,22
4414,13
4415,22
4416,211
4417,211
4418,11
4419,2212
4420,211
4421,11
4422,211
4423,11
4424,2212
4425,22
4426,22
4427,11
4428,22
4429,11
4430,211
4431,11
4432,13
4433,13
4434,11
4435,22
4436,2212
4437,22
4438,211
4439,211
4440,22
4441,2212
4442,2212
4443,13
4444,211
4445,11
4446,13
4447,211
4448,11
4449,11
4450,13
4451,211
4452,11
4453,11
4454,22
4455,2212
4456,13
4457,22
4458,2212
4459,22
4460,211
4461,11
4462,211
4463,2212
4464,13
4465,2212
4466,22
4467,13
4468,13
4469,22
4470,11
4471,211
4472,22
4473,211
4474,11
4475,2212
4476,22
4477,11
4478,11
4479,2212
4480,13
4481,13
4482,11
4483,2212
4484,11
4485,11
4486,13
4487,22
4488,2212
4489,211
4490,22
4491,13
4492,211
4493,211
4494,22
4495,11
4496,13
4497,11
4498,211
4499,2212
4500,211
4501,2212
4502,11
4503,211
4504,13
4505,211
4506,22
4507,22
4508,2212
4509,211
4510,13
4511,211
4512,211
4513,11
4514,11
4515,211
4516,11
4517,11
4518,2212
4519,11
4520,13
4521,22
4522,2212
4523,211
4524,211
4525,22
4526,2212
4527,11
4528,13
4529,13
4530,11
4531,13
4532,13
4533,13
4534,211
4535,211
4536,22
4537,22
4538,211
4539,2212
4540,2212
4541,211
4542,11
4543,2212
4544,22
4545,211
4546,13
4547,22
4548,22
4549,211
4550,13
4551,13
4552,13
4553,11
4554,11
4555,2212
4556,2212
4557,13
4558,11
4559,211
4560,211
4561,13
4562,13
4563,13
4564,22
4565,2212
4566,22
4567,13
4568,13
4569,2212
4570,22
4571,13
4572,211
4573,2212
4574,2212
4575,22
4576,11
4577,11
4578,211
4579,211
4580,13
4581,211
4582,2212
4583,13
4584,11
4585,211
4586,2212
4587,11
4588,11
4589,22
4590,13
4591,211
4592,13
4593,11
4594,11
4595,13
4596,13
4597,22
4598,11
4599,22
4600,211
4601,13
4602,13
4603,22
4604,13
4605,22
4606,211
4607,22
4608,11
4609,211
4610,22
4611,22
4612,22
4613,22
4614,13
4615,22
4616,22
4617,2212
4618,211
4619,22
4620,22
4621,11
4622,13
4623,11
4624,11
4625,13
4626,22
4627,2212
4628,22
4629,22
4630,2212
4631,22
4632,211
4633,11
4634,211
4635,11
4636,11
4637,2212
4638,2212
4639,22
4640,2212
4641,211
4642,2212
4643,22
4644,22
4645,13
4646,22
4647,211
4648,13
4649,211
4650,22
4651,13
4652,13
4653,11
4654,22
4655,211
4656,2212
4657,11
4658,22
4659,211
4660,11
4661,211
4662,13
4663,13
4664,211
4665,2212
4666,211
4667,211
4668,11
4669,11
4670,13
4671,2212
4672,22
4673,211
4674,11
4675,11
4676,13
4677,13
4678,211
4679,22
4680,11
4681,13
4682,211
4683,22
4684,13
4685,13
4686,211
4687,11
4688,22
4689,11
4690,11
4691,2212
4692,22
4693,13
4694,11
4695,11
4696,2212
4697,2212
4698,211
4699,2212
4700,11
4701,2212
4702,2212
4703,13
4704,211
4705,2212
4706,2212
4707,211
4708,13
4709,13
4710,22
4711,22
4712,2212
4713,2212
4714,22
4715,11
4716,211
4717,13
4718,211
4719,22
4720,22
4721,22
4722,22
4723,211
4724,211
4725,211
4726,13
4727,13
4728,211
4729,211
4730,2212
4731,13
4732,2212
4733,2212
4734,211
4735,22
4736,11
4737,211
4738,11
4739,13
4740,211
4741,11
4742,13
4743,13
4744,22
4745,13
4746,11
4747,11
4748,2212
4749,13
4750,11
4751,11
4752,2212
4753,22
4754,11
4755,11
4756,11
4757,2212
4758,22
4759,211
4760,2212
4761,211
4762,211
4763,211
4764,22
4765,2212
4766,13
4767,211
4768,22
4769,22
4770,22
4771,2212
4772,211
4773,13
4774,2212
4775,11
4776,22
4777,22
4778,211
4779,2212
4780,13
4781,2212
4782,11
4783,2212
4784,211
4785,11
4786,211
4787,211
4788,13
4789,22
4790,22
4791,11
4792,22
4793,22
4794,13
4795,13
4796,11
4797,2212
4798,2212
4799,22
4800,211
4801,13
4802,2212
4803,22
4804,11
4805,211
4806,2212
4807,211
4808,211
4809,11
4810,11
4811,13
4812,13
4813,22
4814,2212
4815,211
4816,2212
4817,2212
4818,11
4819,2212
4820,22
4821,22
4822,13
4823,11
4824,11
4825,13
4826,11
4827,211
4828,13
4829,211
4830,22
4831,11
4832,22
4833,11
4834,2212
4835,11
4836,211
4837,22
4838,2212
4839,11
4840,211
4841,11
4842,13
4843,211
4844,2212
4845,22
4846,22
4847,11
4848,13
4849,22
4850,22
4851,211
4852,211
4853,2212
4854,11
4855,22
4856,13
4857,22
4858,2212
4859,22
4860,13
4861,13
4862,211
4863,211
4864,211
4865,13
4866,22
4867,22
4868,211
4869,22
4870,11
4871,2212
4872,211
4873,13
4874,2212
4875,11
4876,2212
4877,2212
4878,2212
4879,211
4880,211
4881,22
4882,11
4883,11
4884,22
4885,211
4886,22
4887,13
4888,13
4889,11
4890,22
4891,11
4892,2212
4893,22
4894,11
4895,211
4896,22
4897,2212
4898,13
4899,2212
4900,22
4901,211
4902,13
4903,13
4904,211
4905,2212
4906,22
4907,13
4908,2212
4909,11
4910,211
4911,13
4912,13
4913,2212
4914,211
4915,13
4916,211
4917,13
4918,22
4919,22
4920,22
4921,22
4922,211
4923,13
4924,11
4925,2212
4926,211
4927,2212
4928,13
4929,13
4930,2212
4931,211
4932,2212
4933,211
4934,22
4935,13
4936,22
4937,211
4938,2212
4939,22
4940,2212
4941,11
4942,2212
4943,211
4944,22
4945,22
4946,11
4947,11
4948,211
4949,22
4950,11
4951,11
4952,13
4953,2212
4954,13
4955,211
4956,11
4957,22
4958,211
4959,211
4960,211
4961,211
4962,11
4963,2212
4964,11
4965,13
4966,11
4967,11
4968,211
4969,22
4970,211
4971,22
4972,22
4973,211
4974,2212
4975,211
4976,22
4977,11
4978,2212
4979,22
4980,2212
4981,22
4982,2212
4983,2212
4984,13
4985,211
4986,2212
4987,22
4988,211
4989,11
4990,13
4991,13
4992,11
4993,13
4994,13
4995,13
4996,11
4997,22
4998,11
4999,13
5000,11
5001,22
5002,22
5003,22
5004,211
5005,11
5006,22
5007,211
5008,13
5009,211
5010,13
5011,22
5012,22
5013,211
5014,211
5015,211
5016,2212
5017,211
5018,211
5019,11
5020,2212
5021,22
5022,211
5023,2212
5024,13
5025,22
5026,2212
5027,2212
5028,22
5029,13
5030,13
5031,22
5032,22
5033,11
5034,211
5035,13
5036,2212
5037,11
5038,211
5039,11
5040,13
5041,13
5042,2212
5043,13
5044,22
5045,13
5046,2212
5047,2212
5048,211
5049,22
5050,11
5051,211
5052,22
5053,2212
5054,11
5055,22
5056,211
5057,22
5058,13
5059,22
5060,22
5061,2212
5062,11
5063,13
5064,11
5065,13
5066,13
5067,11
5068,211
5069,22
5070,2212
5071,11
5072,2212
5073,11
5074,11
5075,211
5076,22
5077,13
5078,2212
5079,2212
5080,13
5081,13
5082,22
5083,13
5084,22
5085,211
5086,2212
5087,22
5088,211
5089,13
5090,2212
5091,211
5092,2212
5093,22
5094,211
5095,13
5096,13
5097,211
5098,2212
5099,22
5100,2212
5101,211
5102,22
5103,11
5104,211
5105,2212
5106,11
5107,13
5108,22
5109,13
5110,211
5111,13
5112,2212
5113,11
5114,13
5115,211
5116,22
5117,13
5118,22
5119,2212
5120,2212
5121,2212
5122,22
5123,211
5124,2212
5125,11
5126,211
5127,11
5128,22
5129,13
5130,2212
5131,2212
5132,2212
5133,13
5134,11
5135,2212
5136,211
5137,13
5138,13
5139,2212
5140,13
5141,211
5142,211
5143,22
5144,22
5145,2212
5146,22
5147,2212
5148,22
5149,211
5150,13
5151,2212
5152,13
5153,2212
5154,211
5155,13
5156,13
5157,11
5158,11
5159,11
5160,11
5161,2212
5162,22
5163,211
5164,211
5165,11
5166,211
5167,211
5168,2212
5169,22
5170,22
5171,2212
5172,11
5173,211
5174,13
5175,22
5176,211
5177,22
5178,13
5179,22
5180,22
5181,211
5182,11
5183,211
5184,13
5185,2212
5186,22
5187,2212
5188,22
5189,2212
5190,211
5191,13
5192,11
5193,2212
5194,11
5195,211
5196,11
5197,22
5198,11
5199,13
5200,211
5201,11
5202,211
5203,13
5204,211
5205,2212
5206,2212
5207,2212
5208,2212
5209,211
5210,11
5211,11
5212,22
5213,13
5214,13
5215,2212
5216,13
5217,11
5218,13
5219,11
5220,2212
5221,2212
5222,22
5223,22
5224,13
5225,2212
5226,11
5227,211
5228,211
5229,211
5230,22
5231,211
5232,13
5233,211
5234,11
5235,13
5236,11
5237,11
5238,2212
5239,22
5240,211
5241,2212
5242,22
5243,211
5244,11
5245,11
5246,2212
5247,22
5248,22
5249,13
5250,22
5251,22
5252,11
5253,11
5254,13
5255,13
5256,13
5257,11
5258,211
5259,2212
5260,22
5261,2212
5262,13
5263,211
5264,13
5265,11
5266,22
5267,2212
5268,22
5269,2212
5270,2212
5271,13
5272,22
5273,2212
5274,2212
5275,2212
5276,211
5277,211
5278,2212
5279,13
5280,13
5281,11
5282,211
5283,11
5284,22
5285,11
5286,211
5287,211
5288,13
5289,211
5290,2212
5291,13
5292,11
5293,211
5294,211
5295,13
5296,2212
5297,11
5298,211
5299,11
5300,211
5301,2212
5302,11
5303,2212
5304,22
5305,11
5306,11
5307,11
5308,211
5309,11
5310,11
5311,211
5312,211
5313,2212
5314,13
5315,13
5316,22
5317,2212
5318,2212
5319,13
5320,13
5321,11
5322,11
5323,22
5324,211
5325,11
5326,22
5327,211
5328,11
5329,13
5330,2212
5331,13
5332,22
5333,11
5334,22
5335,211
5336,211
5337,211
5338,22
5339,211
5340,2212
5341,211
5342,211
5343,11
5344,11
5345,211
5346,2212
5347,2212
5348,13
5349,2212
5350,211
5351,2212
5352,2212
5353,13
5354,211
5355,11
5356,22
5357,13
5358,2212
5359,211
5360,211
5361,211
5362,211
5363,2212
5364,13
5365,22
5366,11
5367,13
5368,22
5369,11
5370,22
5371,2212
5372,211
5373,22
5374,11
5375,2212
5376,13
5377,22
5378,2212
5379,22
5380,22
5381,211
5382,11
5383,22
5384,2212
5385,13
5386,11
5387,13
5388,13
5389,211
5390,2212
5391,211
5392,22
5393,13
5394,22
5395,22
5396,211
5397,2212
5398,211
5399,11
5400,11
5401,11
5402,11
5403,211
5404,11
5405,2212
5406,22
5407,2212
5408,22
5409,22
5410,211
5411,22
5412,211
5413,13
5414,13
5415,211
5416,13
5417,13
5418,13
5419,211
5420,2212
5421,211
5422,11
5423,13
5424,11
5425,11
5426,211
5427,22
5428,13
5429,22
5430,11
5431,13
5432,2212
5433,2212
5434,2212
5435,2212
5436,11
5437,2212
5438,11
5439,11
5440,13
5441,13
5442,22
5443,211
5444,13
5445,11
5446,211
5447,13
5448,13
5449,211
5450,22
5451,211
5452,11
5453,11
5454,2212
5455,22
5456,211
5457,13
5458,2212
5459,22
5460,211
5461,211
5462,11
5463,13
5464,13
5465,22
5466,22
5467,13
5468,22
5469,11
5470,13
5471,211
5472,13
5473,11
5474,11
5475,211
5476,11
5477,11
5478,22
5479,11
5480,2212
5481,22
5482,11
5483,13
5484,22
5485,11
5486,22
5487,22
5488,2212
5489,2212
5490,2212
5491,2212
5492,211
5493,13
5494,22
5495,211
5496,211
5497,22
5498,2212
5499,2212
5500,2212
5501,22
5502,11
5503,22
5504,11
5505,11
5506,2212
5507,11
5508,211
5509,22
5510,11
5511,11
5512,13
5513,22
5514,211
5515,2212
5516,2212
5517,22
5518,2212
5519,13
5520,13
5521,11
5522,22
5523,211
5524,22
5525,13
5526,11
5527,22
5528,211
5529,211
5530,211
5531,11
5532,211
5533,211
5534,22
5535,22
5536,22
5537,2212
5538,22
5539,13
5540,22
5541,11
5542,211
5543,22
5544,13
5545,211
5546,11
5547,13
5548,211
5549,22
5550,11
5551,22
5552,13
5553,22
5554,11
5555,13
5556,2212
5557,211
5558,11
5559,11
5560,22
5561,11
5562,2212
5563,22
5564,13
5565,211
5566,11
5567,13
5568,2212
5569,11
5570,22
5571,11
5572,211
5573,13
5574,22
5575,13
5576,13
5577,2212
5578,22
5579,22
5580,22
5581,2212
5582,22
5583,13
5584,11
5585,211
5586,11
5587,2212
5588,211
5589,211
5590,11
5591,2212
5592,2212
5593,13
5594,13
5595,13
5596,211
5597,22
5598,2212
5599,211
5600,13
5601,211
5602,211
5603,13
5604,22
5605,211
5606,11
5607,13
5608,211
5609,2212
5610,11
5611,2212
5612,13
5613,22
5614,13
5615,13
5616,22
5617,211
5618,211
5619,11
5620,2212
5621,2212
5622,22
5623,211
5624,13
5625,211
5626,22
5627,13
5628,11
5629,11
5630,2212
5631,13
5632,211
5633,11
5634,11
5635,22
5636,13
5637,211
5638,211
5639,211
5640,211
5641,22
5642,11
5643,11
5644,2212
5645,11
5646,11
5647,11
5648,11
5649,22
5650,22
5651,211
5652,2212
5653,13
5654,22
5655,22
5656,11
5657,11
5658,2212
5659,2212
5660,22
5661,211
5662,211
5663,2212
5664,11
5665,211
5666,22
5667,13
5668,2212
5669,2212
5670,211
5671,13
5672,211
5673,11
5674,22
5675,13
5676,2212
5677,22
5678,211
5679,22
5680,22
5681,11
5682,13
5683,11
5684,211
5685,11
5686,11
5687,22
5688,2212
5689,2212
5690,2212
5691,13
5692,2212
5693,2212
5694,22
5695,11
5696,11
5697,211
5698,211
5699,211
5700,13
5701,211
5702,11
5703,2212
5704,11
5705,11
5706,11
5707,211
5708,22
5709,2212
5710,22
5711,2212
5712,11
5713,13
5714,22
5715,11
5716,2212
5717,11
5718,211
5719,11
5720,22
5721,13
5722,211
5723,211
5724,11
5725,11
5726,211
5727,13
5728,11
5729,22
5730,13
5731,22
5732,211
5733,2212
5734,13
5735,11
5736,13
5737,13
5738,211
5739,2212
5740,22
5741,11
5742,2212
5743,13
5744,11
5745,211
5746,211
5747,22
5748,2212
5749,211
5750,22
5751,211
5752,211
5753,2212
5754,13
5755,11
5756,211
5757,211
5758,22
5759,13
5760,11
5761,13
5762,22
5763,22
5764,11
5765,211
5766,13
5767,22
5768,211
5769,22
5770,22
5771,2212
5772,2212
5773,13
5774,2212
5775,13
5776,211
5777,2212
5778,2212
5779,22
5780,11
5781,22
5782,22
5783,2212
5784,11
5785,2212
5786,22
5787,211
5788,13
5789,22
5790,22
5791,11
5792,211
5793,211
5794,2212
5795,13
5796,2212
5797,22
5798,13
5799,13
5800,211
5801,22
5802,11
5803,13
5804,2212
5805,211
5806,13
5807,11
5808,13
5809,211
5810,11
5811,13
5812,11
5813,22
5814,2212
5815,11
5816,11
5817,2212
5818,211
5819,11
5820,13
5821,11
5822,2212
5823,211
5824,22
5825,11
5826,211
5827,13
5828,2212
5829,211
5830,211
5831,2212
5832,2212
5833,11
5834,211
5835,11
5836,22
5837,2212
5838,2212
5839,2212
5840,211
5841,211
5842,11
5843,13
5844,13
5845,211
5846,2212
5847,2212
5848,2212
5849,2212
5850,11
5851,2212
5852,11
5853,11
5854,211
5855,13
5856,211
5857,2212
5858,13
5859,22
5860,2212
5861,22
5862,13
5863,11
5864,211
5865,22
5866,11
5867,211
5868,11
5869,11
5870,11
5871,11
5872,22
5873,11
5874,22
5875,211
5876,11
5877,22
5878,211
5879,2212
5880,2212
5881,13
5882,22
5883,211
5884,2212
5885,13
5886,11
5887,22
5888,11
5889,11
5890,2212
5891,13
5892,22
5893,2212
5894,211
5895,22
5896,2212
5897,13
5898,22
5899,11
5900,22
5901,2212
5902,11
5903,2212
5904,11
5905,2212
5906,2212
5907,211
5908,211
5909,211
5910,211
5911,211
5912,2212
5913,11
5914,22
5915,211
5916,211
5917,11
5918,22
5919,11
5920,11
5921,13
5922,22
5923,11
5924,22
5925,13
5926,13
5927,211
5928,211
5929,211
5930,22
5931,22
5932,211
5933,13
5934,11
5935,211
5936,2212
5937,211
5938,11
5939,2212
5940,22
5941,22
5942,22
5943,13
5944,22
5945,211
5946,11
5947,13
5948,11
5949,13
5950,22
5951,11
5952,2212
5953,13
5954,211
5955,2212
5956,22
5957,13
5958,211
5959,211
5960,11
5961,211
5962,11
5963,13
5964,11
5965,211
5966,13
5967,13
5968,11
5969,2212
5970,13
5971,22
5972,211
5973,211
5974,22
5975,211
5976,211
5977,11
5978,22
5979,22
5980,11
5981,11
5982,13
5983,13
5984,13
5985,11
5986,211
5987,22
5988,2212
5989,2212
5990,13
5991,22
5992,211
5993,22
5994,11
5995,22
5996,2212
5997,22
5998,11
5999,13
6000,211
6001,13
6002,2212
6003,2212
6004,13
6005,13
6006,11
6007,2212
6008,11
6009,22
6010,2212
6011,2212
6012,11
6013,211
6014,13
6015,13
6016,11
6017,211
6018,211
6019,211
6020,11
6021,22
6022,13
6023,11
6024,2212
6025,13
6026,11
6027,13
6028,13
6029,13
6030,11
6031,2212
6032,13
6033,13
6034,13
6035,13
6036,22
6037,2212
6038,2212
6039,211
6040,11
6041,2212
6042,2212
6043,11
6044,22
6045,2212
6046,11
6047,22
6048,2212
6049,211
6050,13
6051,11
6052,2212
6053,11
6054,11
6055,22
6056,211
6057,22
6058,22
6059,2212
6060,211
6061,13
6062,2212
6063,22
6064,13
6065,13
6066,13
6067,211
6068,211
6069,2212
6070,11
6071,211
6072,13
6073,13
6074,13
6075,2212
6076,11
6077,13
6078,2212
6079,13
6080,22
6081,211
6082,13
6083,2212
6084,211
6085,11
6086,13
6087,2212
6088,22
6089,13
6090,13
6091,2212
6092,11
6093,13
6094,2212
6095,13
6096,211
6097,2212
6098,2212
6099,13
6100,11
6101,211
6102,2212
6103,13
6104,2212
6105,22
6106,13
6107,11
6108,13
6109,11
6110,211
6111,13
6112,11
6113,2212
6114,211
6115,211
6116,13
6117,22
6118,13
6119,2212
6120,2212
6121,211
6122,11
6123,11
6124,13
6125,2212
6126,2212
6127,13
6128,11
6129,211
6130,22
6131,13
6132,11
6133,22
6134,22
6135,13
6136,11
6137,11
6138,22
6139,11
6140,11
6141,2212
6142,2212
6143,13
6144,2212
6145,11
6146,22
6147,2212
6148,11
6149,211
6150,11
6151,11
6152,22
6153,2212
6154,2212
6155,2212
6156,22
6157,22
6158,11
6159,13
6160,11
6161,211
6162,2212
6163,11
6164,13
6165,211
6166,22
6167,211
6168,13
6169,22
6170,22
6171,211
6172,11
6173,2212
6174,11
6175,22
6176,2212
6177,22
6178,211
6179,211
6180,22
6181,11
6182,2212
6183,2212
6184,2212
6185,211
6186,22
6187,13
6188,2212
6189,2212
6190,2212
6191,22
6192,211
6193,2212
6194,2212
6195,211
6196,22
6197,2212
6198,13
6199,211
6200,22
6201,2212
6202,2212
6203,11
6204,11
6205,13
6206,11
6207,22
6208,11
6209,22
6210,22
6211,11
6212,211
6213,2212
6214,2212
6215,2212
6216,211
6217,22
6218,2212
6219,13
6220,11
6221,2212
6222,22
6223,11
6224,2212
6225,13
6226,22
6227,13
6228,13
6229,211
6230,13
6231,211
6232,13
6233,11
6234,2212
6235,13
6236,211
6237,11
6238,211
6239,22
6240,211
6241,2212
6242,2212
6243,11
6244,2212
6245,2212
6246,211
6247,13
6248,2212
6249,2212
6250,22
6251,211
6252,22
6253,11
6254,22
6255,13
6256,11
6257,22
6258,2212
6259,2212
6260,22
6261,13
6262,211
6263,2212
6264,22
6265,22
6266,2212
6267,211
6268,22
6269,13
6270,2212
6271,2212
6272,13
6273,22
6274,13
6275,22
6276,13
6277,11
6278,13
6279,2212
6280,211
6281,13
6282,22
6283,22
6284,11
6285,13
6286,13
6287,22
6288,22
6289,22
6290,13
6291,11
6292,22
6293,13
6294,2212
6295,11
6296,22
6297,13
6298,2212
6299,2212
6300,22
6301,211
6302,2212
6303,2212
6304,211
6305,2212
6306,13
6307,22
6308,211
6309,2212
6310,22
6311,13
6312,211
6313,13
6314,211
6315,13
6316,22
6317,13
6318,11
6319,22
6320,2212
6321,13
6322,211
6323,11
6324,2212
6325,211
6326,211
6327,211
6328,211
6329,13
6330,2212
6331,211
6332,22
6333,2212
6334,211
6335,2212
6336,211
6337,11
6338,11
6339,211
6340,11
6341,211
6342,211
6343,2212
6344,22
6345,11
6346,22
6347,211
6348,22
6349,211
6350,11
6351,211
6352,11
6353,11
6354,211
6355,22
6356,2212
6357,11
6358,2212
6359,2212
6360,211
6361,211
6362,22
6363,11
6364,11
6365,13
6366,13
6367,211
6368,211
6369,11
6370,2212
6371,211
6372,211
6373,11
6374,11
6375,2212
6376,211
6377,2212
6378,211
6379,22
6380,22
6381,22
6382,13
6383,13
6384,11
6385,11
6386,11
6387,11
6388,211
6389,13
6390,13
6391,2212
6392,13
6393,2212
6394,211
6395,11
6396,11
6397,2212
6398,2212
6399,11
6400,22
6401,11
6402,13
6403,2212
6404,13
6405,22
6406,2212
6407,11
6408,2212
6409,13
6410,22
6411,11
6412,2212
6413,13
6414,211
6415,211
6416,211
6417,13
6418,2212
6419,2212
6420,13
6421,2212
6422,22
6423,13
6424,13
6425,11
6426,211
6427,2212
6428,211
6429,22
6430,22
6431,13
6432,211
6433,211
6434,2212
6435,22
6436,211
6437,22
6438,22
6439,11
6440,2212
6441,13
6442,22
6443,22
6444,2212
6445,22
6446,211
6447,211
6448,11
6449,2212
6450,11
6451,22
6452,22
6453,22
6454,11
6455,22
6456,11
6457,22
6458,2212
6459,211
6460,11
6461,11
6462,11
6463,11
6464,11
6465,211
6466,13
6467,11
6468,22
6469,11
6470,22
6471,211
6472,22
6473,2212
6474,2212
6475,11
6476,211
6477,13
6478,13
6479,13
6480,11
6481,211
6482,13
6483,22
6484,11
6485,22
6486,211
6487,11
6488,22
6489,211
6490,22
6491,2212
6492,211
6493,13
6494,13
6495,11
6496,11
6497,13
6498,22
6499,22
6500,11
6501,211
6502,22
6503,11
6504,11
6505,11
6506,13
6507,211
6508,11
6509,211
6510,13
6511,13
6512,11
6513,211
6514,22
6515,211
6516,11
6517,11
6518,211
6519,22
6520,11
6521,2212
6522,2212
6523,211
6524,22
6525,13
6526,211
6527,22
6528,211
6529,11
6530,11
6531,22
6532,2212
6533,211
6534,211
6535,13
6536,13
6537,11
6538,13
6539,211
6540,211
6541,11
6542,22
6543,22
6544,211
6545,11
6546,13
6547,13
6548,2212
6549,2212
6550,2212
6551,11
6552,22
6553,211
6554,22
6555,11
6556,2212
6557,13
6558,13
6559,13
6560,22
6561,13
6562,13
6563,211
6564,13
6565,2212
6566,22
6567,13
6568,211
6569,2212
6570,2212
6571,13
6572,211
6573,211
6574,211
6575,11
6576,11
6577,11
6578,22
6579,11
6580,13
6581,13
6582,11
6583,2212
6584,211
6585,11
6586,13
6587,11
6588,2212
6589,22
6590,2212
6591,11
6592,2212
6593,22
6594,13
6595,22
6596,13
6597,211
6598,11
6599,2212
6600,2212
6601,2212
6602,11
6603,13
6604,2212
6605,211
6606,11
6607,13
6608,13
6609,13
6610,11
6611,211
6612,11
6613,2212
6614,22
6615,211
6616,2212
6617,22
6618,13
6619,2212
6620,22
6621,22
6622,13
6623,11
6624,13
6625,211
6626,2212
6627,2212
6628,2212
6629,11
6630,22
6631,2212
6632,13
6633,211
6634,2212
6635,13
6636,13
6637,2212
6638,22
6639,13
6640,11
6641,13
6642,11
6643,2212
6644,22
6645,11
6646,211
6647,2212
6648,2212
6649,13
6650,13
6651,13
6652,11
6653,22
6654,11
6655,211
6656,211
6657,2212
6658,2212
6659,22
6660,13
6661,13
6662,11
6663,11
6664,22
6665,11
6666,2212
6667,211
6668,2212
6669,22
6670,13
6671,22
6672,13
6673,211
6674,2212
6675,22
6676,11
6677,11
6678,11
6679,22
6680,211
6681,22
6682,11
6683,211
6684,11
6685,13
6686,211
6687,211
6688,11
6689,22
6690,22
6691,2212
6692,2212
6693,13
6694,22
6695,211
6696,11
6697,13
6698,211
6699,22
6700,2212
6701,2212
6702,11
6703,11
6704,13
6705,11
6706,2212
6707,22
6708,2212
6709,13
6710,11
6711,2212
6712,11
6713,13
6714,2212
6715,2212
6716,2212
6717,11
6718,13
6719,22
6720,11
6721,211
6722,11
6723,211
6724,211
6725,22
6726,11
6727,13
6728,13
6729,211
6730,13
6731,11
6732,13
6733,2212
6734,11
6735,13
6736,13
6737,2212
6738,22
6739,13
6740,2212
6741,211
6742,13
6743,211
6744,2212
6745,11
6746,2212
6747,22
6748,2212
6749,22
6750,13
6751,211
6752,211
6753,13
6754,211
6755,11
6756,211
6757,13
6758,22
6759,22
6760,13
6761,13
6762,11
6763,11
6764,11
6765,11
6766,13
6767,22
6768,13
6769,13
6770,22
6771,211
6772,11
6773,2212
6774,2212
6775,13
6776,211
6777,2212
6778,2212
6779,22
6780,211
6781,13
6782,211
6783,211
6784,2212
6785,13
6786,2212
6787,22
6788,2212
6789,11
6790,2212
6791,22
6792,211
6793,22
6794,211
6795,22
6796,2212
6797,211
6798,2212
6799,22
6800,13
6801,13
6802,22
6803,2212
6804,11
6805,13
6806,13
6807,11
6808,2212
6809,2212
6810,11
6811,211
6812,2212
6813,13
6814,11
6815,11
6816,11
6817,211
6818,11
6819,11
6820,22
6821,211
6822,11
6823,11
6824,2212
6825,22
6826,22
6827,11
6828,13
6829,2212
6830,211
6831,2212
6832,211
6833,2212
6834,22
6835,11
6836,13
6837,22
6838,2212
6839,22
6840,22
6841,13
6842,11
6843,211
6844,22
6845,11
6846,11
6847,13
6848,13
6849,13
6850,11
6851,211
6852,211
6853,11
6854,13
6855,22
6856,11
6857,2212
6858,22
6859,11
6860,22
6861,11
6862,22
6863,11
6864,11
6865,22
6866,2212
6867,2212
6868,13
6869,13
6870,2212
6871,11
6872,13
6873,11
6874,2212
6875,211
6876,13
6877,11
6878,11
6879,13
6880,11
6881,22
6882,211
6883,211
6884,11
6885,11
6886,13
6887,2212
6888,211
6889,11
6890,2212
6891,2212
6892,2212
6893,11
6894,13
6895,13
6896,211
6897,211
6898,22
6899,211
6900,211
6901,11
6902,13
6903,211
6904,22
6905,22
6906,211
6907,211
6908,11
6909,22
6910,2212
6911,2212
6912,211
6913,13
6914,13
6915,211
6916,11
6917,22
6918,22
6919,22
6920,11
6921,2212
6922,13
6923,11
6924,11
6925,211
6926,2212
6927,11
6928,11
6929,211
6930,11
6931,22
6932,11
6933,11
6934,22
6935,2212
6936,22
6937,22
6938,11
6939,13
6940,13
6941,11
6942,22
6943,13
6944,22
6945,211
6946,13
6947,2212
6948,22
6949,13
6950,13
6951,211
6952,13
6953,22
6954,22
6955,211
6956,13
6957,2212
6958,13
6959,2212
6960,13
6961,22
6962,211
6963,2212
6964,211
6965,22
6966,11
6967,211
6968,11
6969,211
6970,13
6971,11
6972,13
6973,11
6974,22
6975,2212
6976,11
6977,11
6978,2212
6979,2212
6980,22
6981,11
6982,22
6983,13
6984,2212
6985,2212
6986,22
6987,2212
6988,2212
6989,211
6990,13
6991,211
6992,13
6993,211
6994,211
6995,211
6996,13
6997,22
6998,13
6999,22
7000,22
7001,22
7002,211
7003,22
7004,2212
7005,13
7006,13
7007,211
7008,22
7009,22
7010,22
7011,13
7012,211
7013,2212
7014,13
7015,2212
7016,211
7017,2212
7018,22
7019,13
7020,22
7021,22
7022,11
7023,2212
7024,211
7025,211
7026,11
7027,211
7028,211
7029,211
7030,13
7031,211
7032,11
7033,11
7034,22
7035,13
7036,11
7037,13
7038,211
7039,13
7040,11
7041,11
7042,22
7043,22
7044,11
7045,13
7046,211
7047,211
7048,11
7049,22
7050,2212
7051,11
7052,22
7053,13
7054,2212
7055,11
7056,13
7057,2212
7058,13
7059,13
7060,2212
7061,13
7062,11
7063,2212
7064,11
7065,211
7066,211
7067,13
7068,13
7069,13
7070,13
7071,2212
7072,211
7073,11
7074,13
7075,22
7076,11
7077,13
7078,11
7079,11
7080,13
7081,13
7082,11
7083,13
7084,11
7085,2212
7086,2212
7087,22
7088,22
7089,2212
7090,13
7091,13
7092,11
7093,13
7094,22
7095,2212
7096,13
7097,2212
7098,11
7099,11
7100,2212
7101,211
7102,211
7103,11
7104,13
7105,2212
7106,211
7107,211
7108,22
7109,11
7110,13
7111,211
7112,13
7113,22
7114,22
7115,11
7116,2212
7117,211
7118,22
7119,22
7120,2212
7121,22
7122,211
7123,11
7124,13
7125,211
7126,211
7127,211
7128,11
7129,11
7130,13
7131,11
7132,211
7133,11
7134,13
7135,2212
7136,22
7137,22
7138,22
7139,11
7140,13
7141,211
7142,11
7143,2212
7144,2212
7145,13
7146,211
7147,13
7148,13
7149,13
7150,22
7151,211
7152,211
7153,11
7154,211
7155,22
7156,13
7157,2212
7158,211
7159,2212
7160,11
7161,11
7162,211
7163,13
7164,11
7165,11
7166,2212
7167,13
7168,22
7169,11
7170,22
7171,22
7172,211
7173,2212
7174,211
7175,211
7176,13
7177,22
7178,22
7179,22
7180,2212
7181,13
7182,2212
7183,2212
7184,211
7185,2212
7186,13
7187,211
7188,22
7189,2212
7190,22
7191,211
7192,11
7193,22
7194,2212
7195,22
7196,2212
7197,22
7198,2212
7199,11
7200,2212
7201,211
7202,11
7203,211
7204,211
7205,11
7206,13
7207,211
7208,11
7209,13
7210,13
7211,13
7212,13
7213,2212
7214,22
7215,13
7216,2212
7217,13
7218,2212
7219,13
7220,22
7221,11
7222,11
7223,11
7224,13
7225,211
7226,11
7227,11
7228,13
7229,2212
7230,11
7231,11
7232,22
7233,13
7234,2212
7235,211
7236,11
7237,11
7238,13
7239,11
7240,2212
7241,2212
7242,211
7243,211
7244,22
7245,2212
7246,22
7247,211
7248,22
7249,2212
7250,211
7251,2212
7252,2212
7253,22
7254,2212
7255,211
7256,13
7257,211
7258,22
7259,211
7260,22
7261,211
7262,211
7263,211
7264,22
7265,11
7266,211
7267,22
7268,13
7269,13
7270,22
7271,13
7272,11
7273,11
7274,11
7275,211
7276,2212
7277,11
7278,13
7279,211
7280,22
7281,2212
7282,13
7283,11
7284,22
7285,211
7286,2212
7287,22
7288,11
7289,11
7290,11
7291,211
7292,211
7293,2212
7294,2212
7295,211
7296,211
7297,22
7298,22
7299,13
7300,11
7301,2212
7302,11
7303,2212
7304,22
7305,22
7306,11
7307,11
7308,2212
7309,211
7310,22
7311,11
7312,22
7313,2212
7314,2212
7315,13
7316,211
7317,22
7318,2212
7319,2212
7320,211
7321,211
7322,211
7323,13
7324,211
7325,22
7326,13
7327,22
7328,11
7329,2212
7330,211
7331,11
7332,2212
7333,11
7334,11
7335,2212
7336,2212
7337,13
7338,13
7339,211
7340,11
7341,11
7342,13
7343,11
7344,22
7345,11
7346,2212
7347,211
7348,11
7349,22
7350,13
7351,211
7352,13
7353,2212
7354,22
7355,2212
7356,13
7357,22
7358,13
7359,2212
7360,211
7361,11
7362,13
7363,22
7364,13
7365,11
7366,11
7367,11
7368,11
7369,13
7370,2212
7371,2212
7372,2212
7373,22
7374,13
7375,211
7376,2212
7377,211
7378,11
7379,2212
7380,2212
7381,11
7382,2212
7383,11
7384,211
7385,22
7386,211
7387,13
7388,13
7389,2212
7390,2212
7391,11
7392,2212
7393,13
7394,11
7395,2212
7396,22
7397,211
7398,22
7399,13
7400,11
7401,22
7402,2212
7403,11
7404,211
7405,211
7406,211
7407,211
7408,211
7409,2212
7410,22
7411,11
7412,11
7413,2212
7414,13
7415,13
7416,22
7417,13
7418,211
7419,11
7420,211
7421,11
7422,13
7423,2212
7424,13
7425,11
7426,13
7427,211
7428,22
7429,22
7430,13
7431,211
7432,211
7433,11
7434,11
7435,211
7436,13
7437,2212
7438,211
7439,211
7440,11
7441,13
7442,11
7443,13
7444,2212
7445,13
7446,2212
7447,22
7448,22
7449,13
7450,2212
7451,2212
7452,13
7453,22
7454,13
7455,211
7456,13
7457,2212
7458,13
7459,11
7460,11
7461,11
7462,22
7463,2212
7464,13
7465,2212
7466,13
7467,13
7468,11
7469,22
7470,22
7471,11
7472,11
7473,2212
7474,2212
7475,22
7476,211
7477,2212
7478,11
7479,11
7480,22
7481,11
7482,22
7483,22
7484,2212
7485,11
7486,2212
7487,2212
7488,22
7489,211
7490,211
7491,22
7492,211
7493,13
7494,22
7495,211
7496,22
7497,22
7498,22
7499,22
7500,11
7501,22
7502,211
7503,11
7504,22
7505,22
7506,13
7507,11
7508,2212
7509,2212
7510,22
7511,11
7512,13
7513,211
7514,2212
7515,11
7516,22
7517,22
7518,2212
7519,11
7520,11
7521,211
7522,211
7523,13
7524,13
7525,211
7526,2212
7527,22
7528,22
7529,22
7530,11
7531,13
7532,2212
7533,13
7534,11
7535,11
7536,2212
7537,22
7538,2212
7539,11
7540,22
7541,11
7542,211
7543,22
7544,22
7545,11
7546,2212
7547,13
7548,211
7549,11
7550,13
7551,13
7552,13
7553,13
7554,211
7555,11
7556,13
7557,211
7558,22
7559,211
7560,2212
7561,22
7562,13
7563,13
7564,2212
7565,211
7566,2212
7567,2212
7568,13
7569,11
7570,2212
7571,11
7572,2212
7573,22
7574,11
7575,22
7576,11
7577,11
7578,22
7579,11
7580,211
7581,22
7582,22
7583,211
7584,13
7585,22
7586,13
7587,22
7588,11
7589,2212
7590,211
7591,11
7592,211
7593,11
7594,2212
7595,22
7596,2212
7597,22
7598,13
7599,22
7600,22
7601,13
7602,13
7603,2212
7604,22
7605,11
7606,11
7607,2212
7608,2212
7609,11
7610,11
7611,211
7612,2212
7613,13
7614,13
7615,2212
7616,211
7617,13
7618,2212
7619,11
7620,2212
7621,22
7622,211
7623,211
7624,13
7625,211
7626,13
7627,11
7628,11
7629,2212
7630,211
7631,11
7632,211
7633,11
7634,211
7635,11
7636,22
7637,211
7638,13
7639,211
7640,13
7641,13
7642,2212
7643,11
7644,11
7645,2212
7646,22
7647,2212
7648,22
7649,22
7650,211
7651,11
7652,22
7653,13
7654,13
7655,2212
7656,211
7657,13
7658,2212
7659,13
7660,2212
7661,211
7662,2212
7663,2212
7664,11
7665,13
7666,211
7667,11
7668,11
7669,13
7670,22
7671,22
7672,11
7673,211
7674,13
7675,22
7676,2212
7677,22
7678,13
7679,211
7680,13
7681,22
7682,211
7683,22
7684,211
7685,11
7686,13
7687,211
7688,22
7689,22
7690,13
7691,211
7692,2212
7693,211
7694,13
7695,22
7696,11
7697,13
7698,13
7699,13
7700,211
7701,211
7702,13
7703,11
7704,22
7705,13
7706,13
7707,13
7708,2212
7709,211
7710,211
7711,22
7712,22
7713,211
7714,13
7715,211
7716,2212
7717,13
7718,11
7719,11
7720,2212
7721,211
7722,2212
7723,13
7724,13
7725,13
7726,211
7727,211
7728,13
7729,22
7730,11
7731,211
7732,211
7733,2212
7734,2212
7735,11
7736,13
7737,2212
7738,11
7739,11
7740,22
7741,13
7742,2212
7743,2212
7744,211
7745,11
7746,13
7747,22
7748,211
7749,11
7750,22
7751,11
7752,11
7753,22
7754,2212
7755,22
7756,2212
7757,2212
7758,22
7759,22
7760,211
7761,13
7762,22
7763,211
7764,211
7765,2212
7766,2212
7767,13
7768,22
7769,2212
7770,2212
7771,13
7772,11
7773,22
7774,11
7775,2212
7776,2212
7777,11
7778,211
7779,11
7780,22
7781,11
7782,13
7783,22
7784,2212
7785,13
7786,11
7787,13
7788,13
7789,22
7790,22
7791,211
7792,13
7793,13
7794,11
7795,13
7796,11
7797,22
7798,211
7799,11
7800,11
7801,13
7802,13
7803,211
7804,2212
7805,211
7806,22
7807,13
7808,211
7809,11
7810,22
7811,2212
7812,211
7813,2212
7814,211
7815,2212
7816,22
7817,211
7818,211
7819,211
7820,11
7821,22
7822,211
7823,211
7824,22
7825,13
7826,2212
7827,211
7828,2212
7829,11
7830,211
7831,211
7832,22
7833,11
7834,211
7835,11
7836,2212
7837,22
7838,11
7839,22
7840,11
7841,211
7842,211
7843,13
7844,13
7845,11
7846,211
7847,211
7848,211
7849,2212
7850,22
7851,211
7852,22
7853,2212
7854,211
7855,211
7856,2212
7857,11
7858,22
7859,13
7860,11
7861,13
7862,13
7863,13
7864,211
7865,22
7866,13
7867,2212
7868,22
7869,13
7870,2212
7871,211
7872,22
7873,11
7874,13
7875,2212
7876,13
7877,2212
7878,211
7879,13
7880,2212
7881,22
7882,13
7883,13
7884,211
7885,211
7886,13
7887,2212
7888,13
7889,13
7890,11
7891,22
7892,211
7893,22
7894,22
7895,2212
7896,22
7897,2212
7898,211
7899,13
7900,211
7901,2212
7902,13
7903,211
7904,13
7905,211
7906,13
7907,13
7908,211
7909,211
7910,13
7911,13
7912,13
7913,11
7914,11
7915,2212
7916,11
7917,2212
7918,22
7919,22
7920,2212
7921,2212
7922,211
7923,11
7924,11
7925,2212
7926,13
7927,11
7928,2212
7929,11
7930,22
7931,11
7932,2212
7933,11
7934,11
7935,211
7936,13
7937,11
7938,22
7939,13
7940,211
7941,2212
7942,13
7943,13
7944,13
7945,2212
7946,22
7947,13
7948,2212
7949,22
7950,2212
7951,22
7952,13
7953,22
7954,11
7955,211
7956,22
7957,11
7958,22
7959,211
7960,211
7961,211
7962,11
7963,11
7964,22
7965,11
7966,22
7967,11
7968,2212
7969,13
7970,13
7971,2212
7972,22
7973,13
7974,211
7975,11
7976,11
7977,211
7978,211
7979,22
7980,11
7981,11
7982,11
7983,2212
7984,11
7985,22
7986,11
7987,22
7988,2212
7989,11
7990,2212
7991,13
7992,2212
7993,22
7994,13
7995,2212
7996,13
7997,11
7998,211
7999,22
8000,22
8001,11
8002,11
8003,211
8004,211
8005,11
8006,211
8007,211
8008,2212
8009,2212
8010,13
8011,2212
8012,13
8013,22
8014,13
8015,211
8016,211
8017,22
8018,211
8019,22
8020,11
8021,13
8022,211
8023,22
8024,211
8025,2212
8026,2212
8027,13
8028,22
8029,11
8030,13
8031,11
8032,2212
8033,22
8034,13
8035,211
8036,211
8037,13
8038,11
8039,11
8040,211
8041,13
8042,11
8043,22
8044,11
8045,22
8046,22
8047,22
8048,211
8049,2212
8050,13
8051,2212
8052,2212
8053,22
8054,211
8055,2212
8056,211
8057,2212
8058,2212
8059,2212
8060,13
8061,2212
8062,2212
8063,11
8064,11
8065,211
8066,22
8067,211
8068,211
8069,13
8070,211
8071,22
8072,22
8073,211
8074,11
8075,22
8076,11
8077,211
8078,13
8079,13
8080,2212
8081,211
8082,22
8083,22
8084,211
8085,22
8086,211
8087,13
8088,2212
8089,13
8090,22
8091,11
8092,11
8093,13
8094,211
8095,2212
8096,211
8097,13
8098,13
8099,211
8100,22
8101,11
8102,22
8103,11
8104,211
8105,11
8106,211
8107,11
8108,211
8109,11
8110,11
8111,2212
8112,11
8113,211
8114,22
8115,11
8116,211
8117,2212
8118,13
8119,11
8120,11
8121,211
8122,211
8123,211
8124,211
8125,2212
8126,13
8127,22
8128,211
8129,211
8130,11
8131,11
8132,11
8133,11
8134,11
8135,11
8136,11
8137,22
8138,211
8139,11
8140,11
8141,11
8142,211
8143,13
8144,13
8145,2212
8146,11
8147,211
8148,211
8149,13
8150,211
8151,11
8152,11
8153,211
8154,11
8155,2212
8156,22
8157,2212
8158,11
8159,2212
8160,22
8161,11
8162,211
8163,11
8164,2212
8165,11
8166,2212
8167,11
8168,2212
8169,11
8170,11
8171,2212
8172,11
8173,22
8174,11
8175,22
8176,22
8177,11
8178,22
8179,13
8180,211
8181,22
8182,2212
8183,2212
8184,2212
8185,211
8186,2212
8187,2212
8188,211
8189,11
8190,22
8191,2212
8192,2212
8193,211
8194,22
8195,11
8196,211
8197,11
8198,11
8199,2212
8200,211
8201,2212
8202,22
8203,2212
8204,22
8205,2212
8206,13
8207,11
8208,2212
8209,2212
8210,22
8211,211
8212,22
8213,2212
8214,13
8215,2212
8216,2212
8217,13
8218,22
8219,11
8220,2212
8221,22
8222,211
8223,11
8224,13
8225,211
8226,22
8227,13
8228,2212
8229,13
8230,13
8231,2212
8232,11
8233,22
8234,22
8235,13
8236,211
8237,22
8238,22
8239,22
8240,211
8241,22
8242,211
8243,22
8244,211
8245,22
8246,13
8247,13
8248,13
8249,13
8250,22
8251,11
8252,211
8253,211
8254,11
8255,11
8256,2212
8257,11
8258,11
8259,2212
8260,11
8261,22
8262,2212
8263,13
8264,2212
8265,11
8266,13
8267,211
8268,211
8269,2212
8270,2212
8271,13
8272,13
8273,11
8274,13
8275,13
8276,22
8277,22
8278,13
8279,13
8280,2212
8281,11
8282,22
8283,11
8284,13
8285,13
8286,22
8287,22
8288,2212
8289,13
8290,2212
8291,13
8292,13
8293,211
8294,22
8295,22
8296,11
8297,11
8298,11
8299,2212
8300,211
8301,2212
8302,11
8303,11
8304,13
8305,22
8306,22
8307,22
8308,22
8309,13
8310,11
8311,13
8312,2212
8313,211
8314,13
8315,13
8316,13
8317,13
8318,2212
8319,2212
8320,11
8321,13
8322,211
8323,13
8324,13
8325,22
8326,11
8327,22
8328,11
8329,211
8330,22
8331,13
8332,22
8333,13
8334,2212
8335,211
8336,211
8337,22
8338,22
8339,13
8340,2212
8341,13
8342,211
8343,2212
8344,22
8345,211
8346,2212
8347,11
8348,11
8349,13
8350,2212
8351,11
8352,13
8353,2212
8354,22
8355,13
8356,2212
8357,2212
8358,22
8359,211
8360,211
8361,211
8362,13
8363,22
8364,22
8365,22
8366,211
8367,2212
8368,13
8369,22
8370,11
8371,13
8372,2212
8373,11
8374,13
8375,2212
8376,22
8377,11
8378,22
8379,211
8380,22
8381,13
8382,11
8383,22
8384,13
8385,13
8386,211
8387,11
8388,22
8389,22
8390,211
8391,13
8392,2212
8393,11
8394,22
8395,211
8396,2212
8397,13
8398,11
8399,11
8400,211
8401,11
8402,211
8403,13
8404,2212
8405,22
8406,211
8407,211
8408,2212
8409,13
8410,13
8411,2212
8412,2212
8413,11
8414,2212
8415,13
8416,11
8417,13
8418,2212
8419,22
8420,211
8421,13
8422,11
8423,211
8424,22
8425,211
8426,22
8427,22
8428,22
8429,11
8430,13
8431,211
8432,13
8433,211
8434,22
8435,22
8436,2212
8437,2212
8438,2212
8439,211
8440,22
8441,22
8442,211
8443,211
8444,13
8445,13
8446,11
8447,22
8448,22
8449,13
8450,2212
8451,13
8452,11
8453,211
8454,211
8455,211
8456,211
8457,211
8458,2212
8459,11
8460,11
8461,11
8462,211
8463,211
8464,13
8465,13
8466,2212
8467,2212
8468,11
8469,11
8470,11
8471,11
8472,211
8473,22
8474,13
8475,11
8476,22
8477,22
8478,211
8479,22
8480,22
8481,22
8482,22
8483,11
8484,2212
8485,13
8486,11
8487,2212
8488,211
8489,13
8490,2212
8491,2212
8492,11
8493,211
8494,13
8495,11
8496,22
8497,13
8498,2212
8499,211
8500,22
8501,2212
8502,211
8503,11
8504,211
8505,11
8506,22
8507,2212
8508,11
8509,13
8510,11
8511,211
8512,11
8513,22
8514,22
8515,211
8516,13
8517,11
8518,11
8519,2212
8520,13
8521,13
8522,11
8523,211
8524,13
8525,11
8526,11
8527,11
8528,2212
8529,22
8530,211
8531,13
8532,2212
8533,2212
8534,13
8535,211
8536,11
8537,2212
8538,13
8539,2212
8540,211
8541,13
8542,22
8543,211
8544,13
8545,2212
8546,211
8547,22
8548,211
8549,2212
8550,13
8551,13
8552,11
8553,2212
8554,11
8555,211
8556,13
8557,22
8558,211
8559,22
8560,13
8561,11
8562,22
8563,2212
8564,11
8565,13
8566,11
8567,11
8568,22
8569,13
8570,11
8571,13
8572,211
8573,22
8574,211
8575,11
8576,2212
8577,13
8578,13
8579,11
8580,211
8581,11
8582,211
8583,11
8584,211
8585,2212
8586,2212
8587,13
8588,211
8589,13
8590,11
8591,13
8592,22
8593,22
8594,22
8595,13
8596,2212
8597,211
8598,22
8599,2212
8600,211
8601,2212
8602,13
8603,22
8604,11
8605,211
8606,22
8607,13
8608,11
8609,22
8610,2212
8611,22
8612,211
8613,13
8614,2212
8615,211
8616,2212
8617,22
8618,211
8619,2212
8620,22
8621,211
8622,13
8623,2212
8624,2212
8625,2212
8626,211
8627,13
8628,11
8629,11
8630,2212
8631,211
8632,13
8633,2212
8634,11
8635,11
8636,2212
8637,211
8638,2212
8639,22
8640,211
8641,22
8642,22
8643,22
8644,2212
8645,22
8646,13
8647,13
8648,13
8649,13
8650,13
8651,211
8652,2212
8653,2212
8654,22
8655,13
8656,22
8657,11
8658,22
8659,22
8660,11
8661,2212
8662,11
8663,2212
8664,211
8665,211
8666,22
8667,211
8668,22
8669,11
8670,13
8671,11
8672,22
8673,13
8674,13
8675,211
8676,2212
8677,2212
8678,22
8679,211
8680,13
8681,22
8682,2212
8683,2212
8684,2212
8685,22
8686,2212
8687,22
8688,2212
8689,13
8690,11
8691,13
8692,22
8693,2212
8694,2212
8695,2212
8696,211
8697,11
8698,2212
8699,22
8700,211
8701,11
8702,2212
8703,22
8704,22
8705,13
8706,22
8707,13
8708,22
8709,13
8710,22
8711,22
8712,22
8713,13
8714,13
8715,13
8716,13
8717,13
8718,211
8719,13
8720,22
8721,22
8722,22
8723,13
8724,2212
8725,211
8726,13
8727,22
8728,22
8729,2212
8730,11
8731,211
8732,11
8733,2212
8734,211
8735,22
8736,211
8737,13
8738,11
8739,11
8740,22
8741,2212
8742,2212
8743,11
8744,22
8745,211
8746,2212
8747,2212
8748,211
8749,22
8750,11
8751,211
8752,13
8753,2212
8754,2212
8755,13
8756,2212
8757,22
8758,13
8759,11
8760,11
8761,11
8762,211
8763,13
8764,211
8765,11
8766,211
8767,22
8768,13
8769,13
8770,13
8771,11
8772,11
8773,211
8774,22
8775,22
8776,11
8777,211
8778,13
8779,13
8780,11
8781,2212
8782,211
8783,2212
8784,2212
8785,11
8786,11
8787,13
8788,22
8789,22
8790,13
8791,2212
8792,11
8793,22
8794,2212
8795,2212
8796,211
8797,11
8798,211
8799,22
8800,2212
8801,211
8802,211
8803,211
8804,2212
8805,11
8806,22
8807,13
8808,2212
8809,13
8810,11
8811,211
8812,13
8813,22
8814,211
8815,211
8816,22
8817,2212
8818,211
8819,211
8820,13
8821,22
8822,13
8823,11
8824,13
8825,2212
8826,211
8827,22
8828,11
8829,22
8830,22
8831,22
8832,22
8833,13
8834,2212
8835,13
8836,11
8837,11
8838,22
8839,11
8840,2212
8841,11
8842,22
8843,22
8844,22
8845,22
8846,13
8847,2212
8848,13
8849,2212
8850,211
8851,211
8852,13
8853,22
8854,211
8855,11
8856,2212
8857,211
8858,2212
8859,11
8860,13
8861,13
8862,2212
8863,211
8864,13
8865,2212
8866,22
8867,211
8868,22
8869,2212
8870,13
8871,11
8872,2212
8873,13
8874,22
8875,13
8876,2212
8877,13
8878,11
8879,11
8880,211
8881,211
8882,13
8883,13
8884,11
8885,22
8886,11
8887,13
8888,13
8889,2212
8890,2212
8891,11
8892,22
8893,211
8894,11
8895,211
8896,2212
8897,22
8898,13
8899,211
8900,211
8901,22
8902,13
8903,22
8904,211
8905,22
8906,2212
8907,13
8908,13
8909,22
8910,211
8911,2212
8912,11
8913,22
8914,2212
8915,22
8916,11
8917,13
8918,2212
8919,11
8920,2212
8921,11
8922,13
8923,22
8924,22
8925,13
8926,22
8927,2212
8928,2212
8929,13
8930,13
8931,13
8932,22
8933,22
8934,13
8935,13
8936,13
8937,2212
8938,22
8939,211
8940,211
8941,11
8942,211
8943,2212
8944,22
8945,2212
8946,211
8947,22
8948,211
8949,211
8950,11
8951,2212
8952,2212
8953,13
8954,11
8955,11
8956,13
8957,211
8958,211
8959,2212
8960,211
8961,13
8962,22
8963,11
8964,22
8965,13
8966,11
8967,22
8968,22
8969,13
8970,211
8971,211
8972,211
8973,11
8974,2212
8975,11
8976,2212
8977,211
8978,13
8979,11
8980,2212
8981,13
8982,2212
8983,13
8984,211
8985,13
8986,11
8987,22
8988,211
8989,11
8990,13
8991,2212
8992,22
8993,22
8994,211
8995,22
8996,13
8997,13
8998,11
8999,211
9000,2212
9001,22
9002,13
9003,13
9004,13
9005,211
9006,13
9007,11
9008,11
9009,13
9010,13
9011,11
9012,22
9013,22
9014,13
9015,2212
9016,211
9017,211
9018,2212
9019,2212
9020,2212
9021,13
9022,211
9023,11
9024,11
9025,22
9026,13
9027,211
9028,2212
9029,22
9030,2212
9031,11
9032,22
9033,13
9034,22
9035,22
9036,11
9037,22
9038,211
9039,11
9040,13
9041,11
9042,11
9043,22
9044,2212
9045,2212
9046,211
9047,211
9048,211
9049,11
9050,211
9051,2212
9052,11
9053,11
9054,13
9055,2212
9056,22
9057,211
9058,2212
9059,2212
9060,11
9061,11
9062,11
9063,11
9064,211
9065,13
9066,13
9067,13
9068,11
9069,22
9070,11
9071,22
9072,2212
9073,11
9074,22
9075,11
9076,2212
9077,2212
9078,211
9079,13
9080,13
9081,2212
9082,2212
9083,11
9084,211
9085,2212
9086,211
9087,2212
9088,13
9089,2212
9090,13
9091,22
9092,22
9093,211
9094,2212
9095,211
9096,11
9097,2212
9098,22
9099,11
9100,13
9101,11
9102,2212
9103,22
9104,2212
9105,211
9106,211
9107,11
9108,2212
9109,13
9110,11
9111,13
9112,13
9113,2212
9114,22
9115,13
9116,2212
9117,211
9118,11
9119,13
9120,211
9121,22
9122,13
9123,211
9124,11
9125,13
9126,211
9127,2212
9128,2212
9129,13
9130,13
9131,2212
9132,22
9133,2212
9134,11
9135,22
9136,211
9137,11
9138,211
9139,11
9140,22
9141,13
9142,2212
9143,2212
9144,11
9145,13
9146,11
9147,2212
9148,211
9149,22
9150,211
9151,2212
9152,211
9153,211
9154,2212
9155,22
9156,2212
9157,211
9158,22
9159,22
9160,22
9161,2212
9162,2212
9163,22
9164,22
9165,11
9166,22
9167,2212
9168,13
9169,22
9170,22
9171,211
9172,2212
9173,13
9174,11
9175,2212
9176,211
9177,22
9178,22
9179,22
9180,22
9181,11
9182,211
9183,11
9184,211
9185,13
9186,11
9187,11
9188,22
9189,211
9190,2212
9191,13
9192,2212
9193,22
9194,11
9195,2212
9196,13
9197,211
9198,2212
9199,13
9200,22
9201,211
9202,22
9203,13
9204,2212
9205,2212
9206,13
9207,211
9208,211
9209,13
9210,2212
9211,11
9212,2212
9213,13
9214,2212
9215,13
9216,13
9217,22
9218,211
9219,11
9220,13
9221,22
9222,11
9223,22
9224,11
9225,211
9226,2212
9227,211
9228,211
9229,211
9230,22
9231,11
9232,22
9233,22
9234,11
9235,2212
9236,211
9237,13
9238,2212
9239,22
9240,22
9241,13
9242,11
9243,22
9244,2212
9245,2212
9246,11
9247,11
9248,13
9249,211
9250,22
9251,22
9252,22
9253,211
9254,211
9255,11
9256,13
9257,2212
9258,22
9259,11
9260,11
9261,11
9262,22
9263,2212
9264,11
9265,22
9266,11
9267,11
9268,211
9269,11
9270,13
9271,2212
9272,2212
9273,2212
9274,211
9275,2212
9276,2212
9277,2212
9278,13
9279,2212
9280,2212
9281,22
9282,2212
9283,13
9284,11
9285,13
9286,13
9287,11
9288,211
9289,211
9290,13
9291,2212
9292,211
9293,13
9294,2212
9295,211
9296,22
9297,11
9298,13
9299,13
9300,2212
9301,13
9302,11
9303,11
9304,2212
9305,2212
9306,11
9307,211
9308,11
9309,11
9310,2212
9311,11
9312,22
9313,13
9314,211
9315,2212
9316,2212
9317,22
9318,11
9319,2212
9320,2212
9321,22
9322,13
9323,2212
9324,11
9325,11
9326,13
9327,11
9328,13
9329,11
9330,22
9331,22
9332,11
9333,11
9334,13
9335,13
9336,13
9337,2212
9338,2212
9339,211
9340,11
9341,22
9342,211
9343,22
9344,13
9345,11
9346,11
9347,11
9348,13
9349,2212
9350,2212
9351,13
9352,13
9353,2212
9354,22
9355,13
9356,22
9357,11
9358,22
9359,2212
9360,211
9361,2212
9362,11
9363,13
9364,211
9365,2212
9366,211
9367,211
9368,211
9369,211
9370,211
9371,211
9372,22
9373,11
9374,13
9375,13
9376,2212
9377,13
9378,11
9379,13
9380,22
9381,2212
9382,211
9383,11
9384,22
9385,13
9386,211
9387,211
9388,22
9389,11
9390,22
9391,2212
9392,11
9393,211
9394,11
9395,2212
9396,22
9397,22
9398,13
9399,13
9400,22
9401,11
9402,11
9403,11
9404,11
9405,11
9406,22
9407,2212
9408,11
9409,211
9410,211
9411,11
9412,13
9413,2212
9414,11
9415,2212
9416,22
9417,22
9418,11
9419,22
9420,11
9421,22
9422,11
9423,2212
9424,22
9425,11
9426,2212
9427,211
9428,13
9429,13
9430,2212
9431,13
9432,211
9433,11
9434,11
9435,2212
9436,2212
9437,2212
9438,211
9439,11
9440,22
9441,211
9442,22
9443,13
9444,22
9445,211
9446,22
9447,2212
9448,11
9449,13
9450,11
9451,22
9452,11
9453,22
9454,11
9455,211
9456,11
9457,22
9458,13
9459,13
9460,2212
9461,211
9462,11
9463,11
9464,211
9465,13
9466,2212
9467,2212
9468,13
9469,22
9470,13
9471,2212
9472,22
9473,211
9474,2212
9475,211
9476,13
9477,211
9478,2212
9479,2212
9480,211
9481,11
9482,13
9483,13
9484,13
9485,11
9486,2212
9487,22
9488,11
9489,22
9490,2212
9491,211
9492,2212
9493,211
9494,11
9495,22
9496,2212
9497,2212
9498,211
9499,22
9500,11
9501,2212
9502,11
9503,211
9504,211
9505,211
9506,11
9507,22
9508,11
9509,2212
9510,211
9511,211
9512,22
9513,2212
9514,2212
9515,211
9516,22
9517,2212
9518,22
9519,13
9520,211
9521,2212
9522,13
9523,11
9524,13
9525,2212
9526,13
9527,11
9528,11
9529,13
9530,2212
9531,13
9532,211
9533,2212
9534,13
9535,211
9536,13
9537,22
9538,13
9539,211
9540,11
9541,2212
9542,211
9543,22
9544,2212
9545,22
9546,2212
9547,2212
9548,211
9549,22
9550,211
9551,211
9552,13
9553,11
9554,22
9555,13
9556,13
9557,22
9558,22
9559,211
9560,11
9561,13
9562,22
9563,211
9564,11
9565,22
9566,13
9567,11
9568,2212
9569,13
9570,13
9571,2212
9572,11
9573,211
9574,13
9575,11
9576,2212
9577,211
9578,211
9579,22
9580,13
9581,13
9582,13
9583,22
9584,22
9585,11
9586,22
9587,11
9588,22
9589,211
9590,211
9591,13
9592,11
9593,211
9594,211
9595,13
9596,13
9597,211
9598,13
9599,22
9600,211
9601,11
9602,11
9603,211
9604,22
9605,2212
9606,13
9607,2212
9608,211
9609,211
9610,2212
9611,13
9612,22
9613,11
9614,13
9615,13
9616,11
9617,11
9618,22
9619,211
9620,11
9621,13
9622,22
9623,22
9624,211
9625,2212
9626,11
9627,2212
9628,13
9629,13
9630,13
9631,211
9632,2212
9633,11
9634,2212
9635,211
9636,11
9637,11
9638,2212
9639,211
9640,211
9641,2212
9642,211
9643,11
9644,211
9645,211
9646,11
9647,11
9648,11
9649,2212
9650,211
9651,211
9652,13
9653,11
9654,2212
9655,211
9656,211
9657,22
9658,22
9659,13
9660,22
9661,211
9662,2212
9663,22
9664,13
9665,211
9666,211
9667,211
9668,211
9669,13
9670,11
9671,2212
9672,22
9673,22
9674,2212
9675,11
9676,13
9677,211
9678,211
9679,11
9680,13
9681,13
9682,13
9683,11
9684,2212
9685,22
9686,2212
9687,211
9688,13
9689,2212
9690,11
9691,211
9692,22
9693,2212
9694,2212
9695,211
9696,211
9697,13
9698,11
9699,2212
9700,211
9701,22
9702,13
9703,211
9704,13
9705,13
9706,211
9707,13
9708,13
9709,2212
9710,11
9711,22
9712,11
9713,13
9714,13
9715,211
9716,2212
9717,13
9718,11
9719,13
9720,211
9721,211
9722,13
9723,22
9724,22
9725,13
9726,11
9727,13
9728,11
9729,13
9730,22
9731,211
9732,11
9733,211
9734,2212
9735,13
9736,211
9737,211
9738,22
9739,2212
9740,211
9741,211
9742,211
9743,11
9744,2212
9745,13
9746,11
9747,11
9748,2212
9749,211
9750,211
9751,11
9752,22
9753,211
9754,2212
9755,11
9756,11
9757,22
9758,2212
9759,2212
9760,13
9761,13
9762,13
9763,11
9764,13
9765,2212
9766,2212
9767,13
9768,211
9769,2212
9770,22
9771,211
9772,211
9773,22
9774,211
9775,211
9776,22
9777,211
9778,13
9779,11
9780,13
9781,11
9782,22
9783,2212
9784,11
9785,13
9786,13
9787,2212
9788,11
9789,211
9790,2212
9791,211
9792,22
9793,22
9794,2212
9795,2212
9796,211
9797,211
9798,22
9799,11
9800,2212
9801,211
9802,211
9803,13
9804,22
9805,211
9806,211
9807,22
9808,22
9809,13
9810,13
9811,22
9812,2212
9813,2212
9814,211
9815,13
9816,2212
9817,2212
9818,211
9819,11
9820,22
9821,13
9822,22
9823,11
9824,13
9825,211
9826,2212
9827,13
9828,211
9829,2212
9830,11
9831,11
9832,2212
9833,211
9834,2212
9835,22
9836,2212
9837,22
9838,13
9839,211
9840,211
9841,22
9842,22
9843,11
9844,13
9845,11
9846,11
9847,2212
9848,211
9849,211
9850,11
9851,13
9852,13
9853,211
9854,11
9855,11
9856,13
9857,2212
9858,2212
9859,22
9860,22
9861,13
9862,11
9863,211
9864,2212
9865,211
9866,211
9867,11
9868,22
9869,211
9870,22
9871,2212
9872,11
9873,2212
9874,2212
9875,22
9876,11
9877,13
9878,22
9879,211
9880,211
9881,2212
9882,11
9883,22
9884,13
9885,11
9886,22
9887,2212
9888,13
9889,2212
9890,13
9891,11
9892,22
9893,211
9894,2212
9895,11
9896,2212
9897,211
9898,2212
9899,13
9900,11
9901,2212
9902,13
9903,211
9904,22
9905,11
9906,11
9907,11
9908,211
9909,11
9910,13
9911,13
9912,211
9913,13
9914,211
9915,13
9916,2212
9917,22
9918,211
9919,211
9920,211
9921,2212
9922,22
9923,22
9924,13
9925,2212
9926,22
9927,13
9928,2212
9929,2212
9930,2212
9931,2212
9932,22
9933,13
9934,11
9935,22
9936,11
9937,22
9938,211
9939,13
9940,13
9941,11
9942,11
9943,211
9944,2212
9945,22
9946,211
9947,11
9948,22
9949,11
9950,22
9951,13
9952,13
9953,11
9954,22
9955,2212
9956,211
9957,13
9958,2212
9959,2212
9960,13
9961,211
9962,211
9963,211
9964,13
9965,211
9966,2212
9967,13
9968,13
9969,2212
9970,13
9971,13
9972,13
9973,11
9974,22
9975,2212
9976,11
9977,13
9978,211
9979,211
9980,211
9981,13
9982,11
9983,2212
9984,11
9985,2212
9986,2212
9987,211
9988,2212
9989,211
9990,13
9991,22
9992,13
9993,2212
9994,22
9995,2212
9996,11
9997,211
9998,22
9999,11
